id,viewCount,likeCount,favoriteCount,commentCount
59eBs8iiLU0,594361,39431,0,4643
PcPS-21ZVMw,478012,33456,0,2347
QKubRtKguv4,18270,282,0,12
X1bx9_TL20A,877022,44649,0,1589
9ynfNPodJIk,112863,4298,0,212
aR5AU3azhyc,300116,11671,0,499
xbuDoIUMlCs,6994033,267060,0,15145
G_-DftINZKg,278998,11536,0,556
T5j8JewmnuE,150728,6004,0,297
FsnwgTn3WWc,117461,3807,0,204
g5N9AOfgLZA,246769,6904,0,546
pmu2rshSEFg,234267,10885,0,1052
nMdqe1ODU2M,38009,900,0,94
rtXMRhAwWVQ,491398,15403,0,598
7bWWVjj-q4k,24447,262,0,21
0K8VaXN0mBs,19646,408,0,81
yi0PiY1i3XU,2149620,68787,0,3390
KqSYVWHAPQQ,189611,6217,0,360
0ae35GYcJPA,77335,2260,0,95
xblT_i1V4LI,20295,327,0,42
nRQH04NIzhQ,184935,4792,0,355
WGH5zZLsixk,130060,3580,0,311
IJm5sOkFSZ4,271159,11264,0,386
tu6_TRkC7mI,22978,388,0,41
gj1wRZTO2fk,52665,1396,0,32
IiE4e-sD5-g,61937,2009,0,100
qiJXgQsyQ1M,31365,739,0,9
fJmaNOKUK7c,14963,346,0,6
tN_fITfP4gI,36042,642,0,54
Sh4u8Da0F7A,284523,9749,0,360
QyyCKhwXD_E,21108,739,0,4
mdyaygHtRTc,17234,376,0,16
O0DaRe_SIJ4,16301,447,0,8
ouuPSxE1hK4,12824743,517883,0,20773
QWhezn3nB_M,262653,4471,0,347
a5v_MXzVZv4,21854,411,0,53
HiE6v1KLtj4,100210,1856,0,176
ozlaWkrOiZE,2196810,93914,0,6274
kIzhoZAf6QQ,188581,8066,0,918
TCAwpytw3uc,14720,363,0,12
p7E0MD77UJE,14346,250,0,3
F_VmlF66K2E,13769,369,0,6
H-Dvde1mCSI,90004,2974,0,226
QU3z2i9f15w,25795,1197,0,11
WWcZSo4o3yM,29901,563,0,236
1l-xK4pvoKo,15792,582,0,32
LwEg31YXYCc,11872,418,0,12
u4867g-frsI,6539,233,0,4
b6_ldCgncnQ,56266,1282,0,55
OrkRYjkub9A,8130,201,0,2
QrY9ADh6-5g,17725,268,0,9
0K3C8tIf1E4,10571,432,0,13
KJKavRgH48k,90394,1956,0,156
5q8R3NyrHok,6821,148,0,2
jlv4wrfKl4Y,88767,2533,0,127
_udfy_odd6s,7301,331,0,6
Bo7LURW_TpI,11348,310,0,13
fDEduWhjM9E,447769,24221,0,1282
Rlw05_F3qnw,7763,505,0,20
YT6I1VYj0JQ,6437,237,0,9
laYI_s89qO8,6983,260,0,7
IpaJa6UWufs,5581,245,0,6
bFl_sP231wY,862628,21207,0,2078
sfpzUrVR9jY,6865,334,0,1
K1HVz2uqx9k,21056,1090,0,14
H-O2f8vuluY,7317,442,0,34
tVdp-IcRyYg,570871,23004,0,386
VmWdRz09Uzk,6601,315,0,5
Kgw9g2BsnxY,5272,232,0,26
jtRXy0mGtTs,409549,8593,0,460
yjyovHjjyNw,6242,360,0,3
Kwqvp2uGP3w,5663,180,0,2
MQBuO2yWsFQ,456614,11154,0,547
5eGi-Zpbnb4,5869,357,0,7
HNR6aeTnw48,20145,1188,0,19
4op1sLp0YBc,7259,322,0,4
GhY31ngpnWg,147384,6289,0,291
XgVUJ1mXMtk,5322,268,0,3
wpaM9rVxeqQ,13136,1068,0,21
wVbZzgybaJ4,1427990,66923,0,4661
X4dxqM7etto,21837,1777,0,50
9AyvWvWJZdw,18861,1140,0,12
DyFYEsSozpU,6059,324,0,8
FO7bR15Oxi8,6372,342,0,8
5X4z95Fqvf4,132387,4608,0,223
5xsJRz9lCYE,6743,201,0,7
veY4r01ElTE,6754,305,0,7
oW2jcDdfsYw,16963,482,0,9
54WW9tyONBI,14032,1196,0,20
p81Lo8al4Us,14216,780,0,5
jNnsTNZR2bU,2810137,116348,0,4971
DvxN2LXqPfc,117112,4113,0,192
pAyPuL0qk7o,41930,2023,0,40
TVof82wm68A,16406,1115,0,11
cXYgdCXkLMc,916822,41846,0,1283
V-XmoOydD3k,10546,651,0,9
E6-z-Gqd30Q,448456,19087,0,1051
vdph2l0iw74,274220,8161,0,359
yxrzgPsxGOs,16286,1147,0,10
Zx4XtHiY5jI,41403,1483,0,99
l7OtKIZE7tE,380005,11176,0,344
1ul9aWg0AQo,2074730,94207,0,2884
8G6n5fSpm50,18759,425,0,20
GVuVwFPkHw8,13343,515,0,22
tVB6iWTl-Sk,10178,461,0,11
gAY74NyLMGs,647564,16456,0,850
TC46TiIODD4,18110,950,0,15
w5axCGFOXBo,11942,765,0,21
1zdcG5rUY3o,407938,22751,0,907
FSlGrn6NECo,14867,795,0,8
NKnXUuZzgeY,6528,284,0,7
alWbyBjJG38,19903,1187,0,29
N8YJReFOA9w,25796,1985,0,28
bZGRqgwuyWw,13048,718,0,14
pePbXflDyRM,550411,23489,0,2735
uJ3Pusp6R_s,1333812,29052,0,1300
VI0zE4wpbIw,16342,814,0,13
KY-27OC0B_0,133851,4501,0,221
ZHfia_-zFuY,15904,1192,0,26
Y1f0WK9lsb0,1248771,48546,0,6727
Li3Yxe53Lr0,17134,793,0,9
QFGWCRXkWns,206892,7717,0,445
bm-p-3Eh3G4,571695,39151,0,2045
2I4QY9CUrgU,246637,5505,0,327
adJ976uyMsA,28075,790,0,11
I6dQfJwJ5ZA,72740,3550,0,38
F4nMARNX4XM,14901,460,0,12
E_hOAeKxDbM,49944,1998,0,38
t28PQKrx30E,19862,846,0,21
b28VcraZ6f0,14056,587,0,14
3-j-ESaA4hA,13290,474,0,8
FZVc6CiDCTU,15928,576,0,3
K6aa6Oy0Oo0,132523,8164,0,108
zxXfVUa2cDs,76488,2692,0,108
BEoGvTlJMyY,14211416,400572,0,12135
cHkS0uOfx9k,731727,19542,0,0
ps1f7p720FA,729409,14766,0,884
E_qybLHhJjE,11792,388,0,12
yT_CGkyAHmU,491733,25529,0,190
X93mkc56pj8,33007,1700,0,36
4DmIC6ojVh8,404231,34499,0,305
fOAIrUZbOwo,21728395,686801,0,16923
oyt8A5lIjfI,77545,1861,0,17
99raT9A1LW8,393226,5284,0,404
-91vymvIH0c,15790400,685507,0,23218
iandnFsuwkk,12477,508,0,5
5_oZa5200II,70462,1196,0,82
Oxudnq20uRw,519613,11580,0,748
XyyzwrL4msk,124666,2285,0,169
zi_jOYpeCEM,590551,21069,0,1250
4rhGxgLGLqE,42504,2848,0,83
iQTErSrzC64,785762,36423,0,4086
88mdzNcOHj4,409724,8362,0,325
YGugtk_p9yg,19949,638,0,17
wnFQn7GD1rg,359281,12279,0,705
I1sV6JpO5Hw,74024,2786,0,60
1igmZ6F5F-8,35403,1277,0,149
EMLlWQqRHzw,17314,448,0,16
Du6rqlra5vk,14141,492,0,14
_Q8N8a7-Qwk,195812,5798,0,287
IRQR5foSUSI,1223663,45333,0,2458
ZoKYfwTAgqk,25190,1757,0,29
mV5U5gWJSU4,1007991,37804,0,2116
Q-AawhonZws,30922,2035,0,42
w40XbPyotj8,595453,29177,0,2290
MN2lfQDbXE8,21718,793,0,5
q-ne87XKlY0,279010,7075,0,282
ohImLSmx7Wc,83478,1612,0,37
ouDAxot6-CQ,10954,395,0,5
xgjh6zKo1j8,38032,1100,0,74
eHMv0tUe5eE,195602,5288,0,427
bitT2H1_jlc,22111,299,0,23
xJSXjEUnTpQ,21661,609,0,14
6Z1rdfucIUU,260514,11218,0,552
rcJYwZqS9UA,21493,418,0,14
xydiDbp8k58,14128,245,0,9
57H4UBO6B5k,105798,2529,0,127
y38qQRg3UDI,12627112,234091,0,7219
PbM82phaaeg,204310,5905,0,377
x8WTPgeVPjg,870386,32749,0,1067
U0vBoAbZZy0,493097,17716,0,688
PYcn36-k7lw,98308,2780,0,243
BP4THQYgD_Y,80722,3478,0,149
GjZ2XqYzPTI,714749,24769,0,1598
I067BonnW48,3818656,159796,0,3137
s9xYNeiSofM,2047088,59472,0,1596
9kqnsoY94L8,36625765,619361,0,33957
ZVEeAxeyAPU,1565057,63696,0,2253
1yJjALda0X4,420976,16347,0,842
nyed-OqMcbg,25063,423,0,20
vevgI9a18GQ,1247008,36957,0,940
7DSVjIxZBjs,167983,5650,0,244
wC6iA_C_KC8,2255234,60567,0,2420
ZfbX3MAnJUM,3102745,50301,0,1968
1Pt-nLSMONI,1755318,45044,0,1641
X_myO7_7KKk,726382,28092,0,1116
Pu0GsALW1w8,250905,9695,0,426
r952qoBX1ng,68003,1731,0,90
aKVbPsyU1IQ,98788,2996,0,162
cGQMSACSYVA,63034,2103,0,120
0_XdKr7q0r8,45996,1527,0,47
ranwgb7qkNk,110782,2046,0,208
1t7f-5zC99M,20104,283,0,19
3ibSXC3vo8M,937628,15749,0,685
yQ7E1c2ykeM,119766,3758,0,196
Zig0cfRdqsE,5678006,175352,0,14742
ipFtGz0_dAg,232923,6895,0,365
OO6QUgGMp2A,1428839,37378,0,2589
wlsmFJx5vH0,273722,9110,0,346
VKvYRDhPt_0,582534,22187,0,2070
jFUhTmOSdGQ,1474329,95531,0,4452
GYmYQvkGlro,281074,12171,0,841
cMW779WaDXs,212829,4278,0,289
yUBvP_Rj-SY,2689888,107835,0,9615
BIY_lEg8kBA,3912752,118763,0,4774
v7NQA_LFj8o,23071,374,0,21
K8VetbXWbFM,868251,35244,0,4741
kIBTww3U30M,695231,17550,0,987
6jYtRQ2tHGg,2943932,63952,0,1864
PCgB07Yy6Xs,1629288,58171,0,1917
ad8bvpdoEqE,990322,20274,0,3069
_1V_PGElOHs,4124094,91733,0,3911
XDNyVy-wGuY,527184,22703,0,1619
xjVx3Wcoolo,344630,11895,0,441
zoAs0-nXPQM,307315,10287,0,421
v1VLZnBEw_M,675040,23967,0,1129
DYDLYlhvJho,261465,6696,0,660
Vrk2Q9AZrYI,5491050,192991,0,15301
MTiXwEHRoyM,19828,330,0,13
HSzoKlaD9Gs,1152801,68085,0,2972
Ov882wRp12Y,198247,6413,0,396
XBuOd2MzdT4,457721,19742,0,1618
W9r2i8EjFVw,841513,39235,0,3122
Gse1LKXuV2M,4853775,180723,0,15020
uRG6IWYVazM,404246,18611,0,1165
wrm0cN7bTOM,201347,6821,0,365
YleSYAEYdrg,5275574,146706,0,6286
XyHkoKwPtaw,3161066,107046,0,5357
_EibcUKjWjY,24672,346,0,8
sKHswNFsRww,1690684,50707,0,2118
MMS4JAy9z0Y,642652,23811,0,1437
y-PLr-BPxKU,5896465,180689,0,8780
LNFfrhXxJDQ,167656,3338,0,152
5G6q__7jQoU,838926,36237,0,1954
hdMcKy93AZk,111292,2733,0,157
49zIojl1CM4,122095,4310,0,228
tajoGudOj70,148451,4493,0,273
asZZrUFeM_8,337894,12975,0,648
wIfg-Ye0FVk,687193,28294,0,1556
z2nGMDs65tI,383348,8189,0,701
wAmxZhS7AlE,27695,412,0,22
DmC2QQESN6E,5105887,194863,0,12391
pHWum1ptOxs,680863,16381,0,831
vR6_ZVKEhJ4,17195671,305471,0,11138
TR2hG7ke2YQ,94532,1576,0,106
XZhELFzl9os,36586,951,0,51
HCFfpWRitXA,16555,207,0,10
qVh79v4nICo,141566,1957,0,158
bEyxy8S1MN8,180804,3885,0,214
ZYRwNwwFCSk,235180,7642,0,306
RyWGBoU6dc8,162505,3763,0,125
rGyQHyDMZZI,19839007,401359,0,14186
R2_7ADO2Hlo,301878,7230,0,294
EpnJcdZXAPQ,58556,583,0,54
3lwoczostI0,198253,6150,0,348
GR51MWK_o2M,994600,52174,0,7115
uA5hf_94Ffc,297538,8942,0,692
-n4BR0vUB80,384186,12556,0,526
tPgSPOykA0M,2645206,96003,0,7169
w4WiXKGCJhg,14339924,426543,0,12371
PxZhSNla0U8,131551,1660,0,90
qvXRRmZSjl8,54613,2590,0,47
cMIJsoaxRjk,20866415,443179,0,18186
V9h3pk2Nc0Q,219715,3267,0,324
Hv23IjnELeI,41168,902,0,105
MgTDLlDY_yY,2271560,69569,0,6406
TeNMzwoCWSc,224507,4647,0,212
K8gnt2Zc9aI,214266,5772,0,260
YKnifgh9dEQ,166692,2705,0,170
3prk1I5ged0,481162,25827,0,1547
BgQw-xNsQe8,115908,2296,0,147
c9vtuEH-vfk,2507867,64375,0,7062
1IJjriRrOKg,815043,30747,0,1479
h2YdwoZpVgE,162360,5711,0,257
yskw0JMXQaM,326066,11076,0,605
lqBEfjDRDHk,542062,14363,0,519
5Zw0K4SlqHQ,129307,4055,0,157
TGU0-1PBW54,109528,2159,0,104
-4J-f5lkCLo,3007563,98905,0,2514
4RcKtr5bGa4,997771,26883,0,918
_pvzTlmSK0s,318864,8514,0,351
fVRccRHfCxM,127362,2732,0,137
h3gwRr_54cE,846544,17604,0,502
l_P4UjbkSJk,221643,10109,0,508
zIYIn7yTtTo,139332,3416,0,123
o4Iv7k0aQoc,4979442,107524,0,2821
Dj5Y5VwhfHs,1148775,29430,0,1057
xdOSi8E3FT0,276201,8344,0,310
ajNYTJcF6rE,7161325,210211,0,21934
RBRQ8vR93_s,639597,19939,0,800
avjI3_GIZBw,7001236,260094,0,3906
alS4uvugr_Y,50329,996,0,29
jmh3iruf4RA,10585850,252075,0,6146
3hYxLywvjms,141265,1903,0,129
x26X-N81wY0,196443,4820,0,237
_Y-X9CpSiQ0,229492,7579,0,299
WyXFfKYbtQU,1817157,58172,0,1795
r5rCcKj84JU,93154,5940,0,364
fj3tpPKUFaA,162129,3621,0,197
lXd4EmgFozI,236119,5337,0,230
pSUgrhmtXIw,1609544,40699,0,1807
YujVj11_s_U,25195,410,0,16
wzlZ68ts-IU,1124932,40931,0,1697
Xn5wfH_erZ0,277479,8261,0,425
JtCB7vy1q2E,1379264,60062,0,2615
lCQAgRoVMCo,414778,10927,0,405
MQjo5pxpC88,214224,7527,0,217
61q6JoGLTc0,188117,4751,0,428
1acyepjN0OE,505147,14334,0,414
Cx8AaSvH4EQ,1168855,55232,0,2096
pRERgcQe-fQ,8109986,199693,0,9636
qj_LkwXiAoM,305124,6929,0,257
RcINbc0ye-o,994691,42264,0,1364
P_yPDiMN3uk,2777764,43582,0,6569
katFc63bWRs,48382,895,0,58
33X5kL-xbFA,34801,837,0,47
5WG_-0Qh3kc,1036397,28016,0,1977
EqxxXSDBp1Y,49002,873,0,37
FftvVi42U4o,2039102,46162,0,1748
7EAM4pxxL4Y,2753270,99767,0,4894
JmnZHQNN5cc,3978252,118705,0,4175
RxhleZbLF64,1539874,38121,0,2048
A3ThZptD8WY,473995,10858,0,312
L_BHC2l30pY,16576621,316294,0,10878
AynDvSkZ8og,2385569,62741,0,1765
LwDRLLPuOA4,630418,29303,0,2164
AFgWCQZDoCI,3578104,85063,0,1759
-xGuSjsgZP4,0,0,0,0
CbotsXwCbNE,9455704,136789,0,5908
gzZhf4ct50Y,3414343,198442,0,9709
k0zSUBzIWhc,281311,7251,0,298
NsboEMB5DzI,24484,391,0,26
pnISpahN2dM,2212559,88431,0,2883
bRq66Rtwms0,359116,12490,0,431
oIeqO2tyhcY,1615441,74149,0,4207
v-nHyMFnSmI,146488,1809,0,108
xkWdU-WeGFw,252441,7236,0,225
jjA7vj3_Htk,660753,17583,0,3065
Bm5anO_Yd2s,123264,1821,0,84
Rmg040Su5R8,1134154,20947,0,1347
oCcks-fwq2c,25358963,439861,0,14461
Lti5hj6dyPc,787175,18990,0,1009
CUN8pdgA0m8,6629915,152451,0,7355
O0sUBp7ps8k,225174,5799,0,301
bSFTjkpPFB8,22790,381,0,40
ILOnnEW2iRg,530497,17636,0,670
QAjUrh-p8fw,57930,1115,0,46
ptMLdzijCrc,130070,2622,0,134
LJdWpAFutYM,2270417,37354,0,1142
tUApO77uUUk,8333957,208103,0,8016
YiBVIG9n-d8,238433,5470,0,408
6CNFF0Ql0ME,1482104,33418,0,2081
-XppUz4SkLk,477363,13496,0,559
btiE3ASfUUE,1562235,51054,0,1829
1hMxG92KTGE,197988,3890,0,356
m9jHZ_pa2PM,159685,4186,0,311
_QJy4Rv5-AQ,17940,267,0,11
KUm6f0QJ_FI,498067,15400,0,544
kes2P4IC2bQ,10185950,302391,0,30990
lW2cUz9Gz94,341383,12812,0,597
jhWkvi8OPkc,102248,1728,0,131
C47H4mOq6Ho,920297,28594,0,1160
gGyP2VGUQMY,616555,30779,0,992
kjJnal0XtN8,297574,13445,0,684
1tKE6A3uA64,342408,12631,0,635
nmBxJ2VcUk0,4274385,100932,0,7547
3eHc0Xz_Hio,8905548,196661,0,14966
SfMDMc7MB0Q,35656,447,0,12
J3jUEB7qmt8,5430813,126975,0,9130
1Wg2huulil4,880925,22374,0,747
1Gq9pbeT2zM,59343,289,0,11
G0ljnXV-q40,2599520,70808,0,1775
6PgYuit1BXw,241996,4745,0,262
YA6D6WmclMc,1021850,39229,0,2218
RF2VAov5Iw8,14298,164,0,13
6bALUVyGZh0,167405,3310,0,196
ZRThiGArHxQ,197170,3106,0,179
arH_BO1VrAE,28029,504,0,80
e4WrRKSgGI0,5909601,96305,0,2339
Q_TManc7sc8,119853,4000,0,225
D8UWsFMVj_Q,8605497,164439,0,7072
z6QNNxCf-3s,212300,4608,0,161
fdM2SbsLe54,24622,339,0,30
9XdyhyFKjok,20951,236,0,44
msdmQDNxsfw,800380,23861,0,1227
UeyjqaWUdeY,23876,253,0,23
1gDt3YlTVoA,24636,267,0,58
r_PNkXFdTog,141483,2720,0,133
8IcrlAYyA_o,380855,10254,0,364
oy-4I58Dru0,1151293,38912,0,1240
G_2_UqH97wc,12609,154,0,3
Tu_PRf1tyjI,137916,3127,0,286
vN7a3xGB0C0,90343,1179,0,48
dKdCM9CjoJc,20399,347,0,26
FCjsmZlwSzA,105306,2066,0,109
kBbmVbbLV0g,23660,317,0,12
bpsrDSyxMgA,57654,604,0,47
DL1zyUjzwno,4429385,146839,0,3494
4iQmPv_dTI0,13201630,252851,0,9284
BvsPwwphxrg,906451,36353,0,2833
1EiWhQgtH98,22380,431,0,41
0kKct_AKz8s,171188,3658,0,223
klL7nY1HzaY,2484742,96095,0,9903
_8cSGxZqpgE,19921,396,0,42
vt0J3IEYkIg,439027,13371,0,772
TcGJtLNZxYE,61819,779,0,50
l0puhi_KKSI,17366,214,0,13
sovwUwi5SFA,371714,4295,0,1381
tZWZ82Em-Q8,2020921,59343,0,3605
oxo-loXdcH0,6393487,116946,0,6026
9W1Kymhz9fw,31492,611,0,38
JsaqhRkKu1M,110263,1668,0,67
JZyaHcYEsWM,144845,3310,0,165
yeFcUbGW1gA,240328,7309,0,250
JxEvAHLqryg,124653,3872,0,217
Qafq8drD_L4,186859,4403,0,208
niUYjPLH5io,17705,179,0,15
DHjczZIxr_0,1129737,28857,0,1681
rPVQlQQgPLg,1150804,20364,0,981
KgDPEW_ypj8,1149318,45705,0,3045
B20In-v-nDs,488860,19220,0,801
kbvIoW5-b8E,230538,6484,0,215
Q7D61-XF3x4,357541,12348,0,515
BPRVzA67Dbs,1440723,63510,0,2071
_1_BRqBvvdM,262887,8088,0,310
vw-DLcZBfq0,391269,10988,0,815
VEZ-Nc_KGCI,30443,621,0,31
0rXXdE6UFRc,277330,9497,0,638
wTqCthvtL8k,5256600,112086,0,2294
zEDFY4vN8Xc,75030,1988,0,94
q8RPdBT0vOU,107016,2390,0,144
D4XoV1dhOrQ,40616,779,0,35
aa47gA8lz-0,112173,2609,0,131
_N04n2yAd0M,51428,1224,0,69
AqmBuA6lkWs,103007,4092,0,216
5WGUDQ_8Ynk,41744,1159,0,49
Vj05Zi435i0,72941,2535,0,253
fdMMKAVFp1k,75128,2770,0,199
_AZkq4wo3p8,45424,1262,0,82
sT3GWRw39o8,32038,1070,0,70
Sn_Hel_lqDM,39518,1378,0,157
a6_RFp5xlGA,435753,10177,0,440
HlDgW6kU3cM,675052,23916,0,924
1UcaZJiGPUs,33419,987,0,60
CG3XDu8aAf8,1143902,52575,0,2096
uMPFEXq1eSU,188763,4250,0,158
Zm1VIGNmPxI,3187847,82615,0,3543
K5CDAqm_f3E,72656,960,0,38
3w4DSs8DSuQ,43032,754,0,26
N6y5DdEHNYA,1097350,36509,0,1584
7zh6l2eSJA0,79564,1959,0,65
M6Rh-CzEo24,763952,12172,0,706
PxKHo8kiBG4,487543,14359,0,700
4u4rXzIw8JE,27502,471,0,26
qyPquozbCOQ,1352538,46137,0,1390
WeAOsfpC-NY,74385,2367,0,83
xx_Q2fu7Zp4,100591,2335,0,92
6dkDepLX0rk,15617954,363160,0,7878
CKg3FV5gwMc,4014209,444464,0,21147
C3Y_thL0juU,258126,6420,0,303
qHNUeBK8k7Q,2021184,79417,0,1304
uL2nHQj5BPo,20621,777,0,9
IG76Rf28MQA,700530,22826,0,1290
RfkXW0Gm3eQ,375535,11630,0,618
8Yu6CQcnQ_A,304215,10797,0,302
cx67TnQrqcg,4118067,146021,0,3801
eAzClkn3zYw,1206382,30919,0,767
7odxBDg-7JE,3222204,100710,0,2535
u3axBzTe2-I,356931,11891,0,385
2PQnfVlRzqE,474996,14416,0,348
RKblHbJE1jI,384922,13047,0,573
71XmVyRCe4M,135689,2888,0,184
-vwiDF8pD1c,91669,1540,0,97
2aX8svdJjZo,209912,5852,0,213
4dd7WejIFi8,1097756,28045,0,1170
xNm2JuN2WLQ,921401,15648,0,911
abb3ObvdBus,2223721,46957,0,10825
aKWV7b3j5P0,4441302,98139,0,2918
7WiGD2vOqDk,491616,25849,0,1291
wSl5_RDCfrQ,3076350,83439,0,2317
2C-WmZQABLQ,12579777,212511,0,7529
aQcXSoamCVA,552240,15887,0,549
ug25yQSEub0,15303174,97527,0,2275
Jasbbgybmr4,60944,3908,0,256
7p78XATPcyg,2861715,96752,0,2207
Ffs7szmBmCU,358502,9540,0,548
7rzGNL28Js0,325926,13186,0,589
gsaZRcL-OTQ,5303424,219898,0,5774
7io8CSHjN2E,194178,6672,0,252
McpF_s2wXcY,403212,12780,0,283
vkzlU2fDLs8,1812111,52923,0,1340
D9jEMdJGhs0,239741,7561,0,189
ZwObGflIJyM,26493,603,0,23
KD3vTmbIZdU,833131,26964,0,818
sdaOtnuw-Ew,482760,17605,0,976
WVfbIWC7wmE,937775,23734,0,700
0VvdSqp69Lc,173015,4607,0,135
ANPbOxaRIO0,1628612,64663,0,3075
Eq5inG547JA,2504951,78998,0,3679
3944VpVVKCI,605195,17103,0,1040
hq6Q-7leQnI,46053,880,0,42
3Wp99TlXu8U,221210,5263,0,382
TCsFgJsJ5Uc,882592,19284,0,575
va8ZaKj27Xk,84663,1219,0,61
LBgpREkkfXY,45777,523,0,64
2oyZ9OM-neM,5409042,170319,0,3420
Wl9j4OP9DKc,70966,1351,0,71
JvIllmsp1J4,288130,6699,0,453
NWEqYj3OOoo,464851,9708,0,412
PwV1-wZzT1Y,3783040,79635,0,1990
QR7_RDHan3M,56265,1647,0,77
D3XZg82Z52A,101147,990,0,94
up8ODGFWgFg,29212856,575149,0,29946
glHqWvkpRqo,2559068,113255,0,2872
de3nUQIQIYY,92413,2790,0,161
jJ2rPTG1G9U,1730734,45236,0,2824
QKFjQbCKEgA,3869628,125698,0,3134
KsDT5Wa0hwI,612122,28451,0,1207
F8SjbnDxCy8,1871699,39933,0,2160
NNodeNnXWy0,1377532,60736,0,2222
kZ4C3xNMyI0,310513,,0,495
ZWIFNGClc20,49798,1463,0,80
sVskXNb2PIM,200606,5195,0,186
r-gkSte4QdA,1087891,25936,0,1033
sN58k8tSFXg,526193,14109,0,556
M1mg0yLDzvU,770715,23856,0,647
JgOWuWchf88,82353,1767,0,88
O2Twk386qm4,141319,6652,0,324
o63dR6rEs70,277036,10776,0,551
mgMwGBtt4rE,1086801,24506,0,667
y51Av743JEs,78666,1057,0,112
MAisFnH3Vro,87763,2475,0,230
qXibG3pG4zM,61458,1903,0,68
HJDx_8PIqxk,135211,3011,0,157
ymqKPz5kRXE,1289667,36416,0,1402
7Ur_455ttZY,21052,427,0,38
9ix2DCAzDp0,213913,6561,0,225
lsg1BCISPNU,901234,27428,0,881
9E4knj71GRE,20947,339,0,27
gnKRe1-zF28,94137,3053,0,115
ObD7Qjai55Y,203050,5285,0,328
UyTjpf47MZk,21157,278,0,8
UJMhvIlADYc,7498044,88001,0,2343
mpdZZhRBnOg,125250,2934,0,150
izyBoVzC0Wk,530048,18632,0,1194
PMLRBZravU8,33820,826,0,57
ICUoG54pIW0,109872,2595,0,120
Vz0wwYOV3PM,289005,11081,0,1238
E4hevWAjUZI,82268,2211,0,146
EzaF16C8WPw,35460,589,0,40
USdiumz1ZFM,645833,21058,0,1006
6hpERoSmq74,86338,2157,0,75
iYAnixLQno4,217644,4089,0,144
tarsyQZCMUs,365719,9814,0,418
ZT8nSsHrUf0,147906,2969,0,126
5de8UjLRZBI,127851,2737,0,231
ZJe0JcKLWaE,150707,3249,0,204
jSK5fJpqs5I,115058,2581,0,132
Id-t3IVNREo,117539,3003,0,181
hjKXtAbYbSQ,93452,2476,0,121
gQ6maLl5pQA,717496,17858,0,580
FlZuFh0KUvc,10005344,91083,0,2244
L5i4stj4M30,401767,17384,0,565
L1l69tA5oCs,62845,1552,0,69
NjwA9i_o3pU,606518,15369,0,726
p3wLRo9zE5w,222311,8053,0,605
fv3kgm18Q7I,35236,1466,0,100
iX_ubL2-sfs,1183627,40497,0,3165
FrXXLcx4dCw,143616,4116,0,201
cnrSu6sH-Ug,1363999,32529,0,1591
qX9WE9-Pt2U,84123,1812,0,154
vvTXMeexv5Y,151079,4403,0,194
Xg-vPVOyceM,38188,914,0,33
M9UMzNFJxhY,2324379,88181,0,9236
zxfFYV4Lfek,670892,20488,0,763
SufUZu4h_m8,478572,14444,0,1019
sP192eOTFpU,63630,1232,0,73
1D-QXrC3U0I,642712,19834,0,611
jHdCIBDsniI,83138,1710,0,101
e04Ar0KQjZY,78879,1395,0,62
mLeFgJ9JJHY,90028,2269,0,141
S1qpVSz3pP4,282669,7140,0,258
maDO3z41wXA,139450,4527,0,284
H-cCTeVD3MM,55373,1764,0,76
7OfULrhVASI,136445,5054,0,298
XoRFGTt9B20,83164,2108,0,81
fvqhf7X7vLA,40366,941,0,78
SB6jTKPOjMY,307103,7199,0,244
G3QgBxK5Ev8,53759,1132,0,131
G5sOTIEyjUo,19158,370,0,26
Htmfg1BMXTA,60729,1678,0,131
BThnnxdLAqs,46382,1303,0,83
u5puSWxPNyA,593226,22178,0,691
Dy4pEFFbFsA,8073748,134845,0,5826
2arc30068Wk,338848,10610,0,522
XfJkMTVWu3U,2773769,70927,0,2730
2g3zEtCnq-0,14801,133,0,11
8ta8ftzNvek,587574,22843,0,934
C2BxIBlJUAE,119867,2917,0,183
srn5Cd9yR3Y,2682220,52233,0,2518
IT9sB1e61BA,664020,21555,0,872
ZUYJ8_tBSSQ,784810,23815,0,792
KGczofguB0c,14426245,342187,0,8737
bJUUnXZVIfY,1973271,46882,0,1704
8YTAnJnC0mc,15048,187,0,28
x-pRNfpbsxU,60948,2061,0,89
tHKvLteaaB0,10181,58,0,6
ThDoFjsGijw,318534,15961,0,496
-MefNjyFer8,193373,3129,0,327
SrYSpLGuKwo,338889,7937,0,317
eTacK5_H660,12456,113,0,14
5n-GC2wU4is,405510,20428,0,434
K6NR9DYiEqc,113891,2421,0,135
GatQYthTUKs,85846,1572,0,68
sJT5nBmKaZc,148158,4409,0,302
iKw3DXh-MlI,9323,106,0,11
pnAr3L-XZN4,39109,1572,0,14
qpeVQnwyxEc,133307,6703,0,232
yXI7NP7TDCw,4803183,100994,0,3588
l4c4PUNkawc,691697,7195,0,343
Hq4SuewheZQ,37244,529,0,25
SKJ5JyuP7WY,2327194,32724,0,1678
CPCH3FkDB-g,11754,168,0,34
cZ2Ng9KOntY,229486,13757,0,256
l-JEdcOGuzQ,248409,6987,0,307
4MsoqUv5gv4,14284962,158466,0,4311
WEkXiSfnZpE,97832,1457,0,92
_4HBmNI0IPo,8757,101,0,5
1OVXpy4Rws4,315008,6650,0,375
OJS9ylYZ5Jg,12169,280,0,10
nKDoVuG7uZ0,796581,38643,0,2020
nMlnt85iysY,180125,5410,0,256
zci87SxHC1A,9586,93,0,11
F7wIRxQEetc,10289822,169787,0,5709
RG6O-Qq79G0,29066132,269098,0,7968
yFXfP20sf8o,26494,589,0,102
h_a5zbizXCw,503428,15506,0,425
rFnCusWyHsY,37110,1195,0,15
-jLebs9xraI,1400968,16742,0,469
jdHPotMqv1M,3164848,30064,0,1561
ZaxR9EQJLS8,11732,132,0,11
fJNSgPqQ1yw,198273,3402,0,142
XoYIRgFlXFY,42947,1254,0,18
S52_XxBwbJg,1111716,43697,0,1232
fhLyK0h06Og,18119,287,0,29
hX6BCuz8alo,19479,646,0,13
hPNNiQzYpMo,29310,701,0,73
2nkWKhcG-Zg,467030,16951,0,636
jmNSS44ru4s,61045,1122,0,24
iyhmBMoRk-A,32013,223,0,17
RNJYRN5UNZY,33959,781,0,52
4J5zTLnIqMY,427956,10453,0,466
coMyNfnNBs4,1845057,19847,0,1388
kIz0cz1r2gI,16933,236,0,37
ywicdvAo5AQ,209528,7514,0,548
2nFGD1-cmns,159984,5616,0,269
aBMGvHHkr9Y,8552016,161726,0,9271
kKBBdZbnn2I,30142,813,0,78
LJMFKzMdJmE,20620,270,0,30
z3ZFoo4-TdU,479954,28392,0,1221
tCwDzyLidAw,325457,8527,0,376
Nkt93coQzqg,3796864,120370,0,2583
ywUi3AurXjI,15952,310,0,20
DBQNfxcZzeo,35003,424,0,28
DIjOxmU6-ew,6854701,136653,0,4878
Ea9_egtJYMg,421228,14908,0,489
vvp2zUAS-fE,32158,396,0,33
uQvdcfosF5A,5177182,103050,0,4968
vGACLfYWq_4,15146,208,0,9
5Xyy_6NYgig,51972,655,0,72
pF2ga0O2dN4,174309,3420,0,236
5VHlrsZbgBI,1310284,28565,0,1426
zZs9EmpW04Y,57172,1032,0,85
eCK1QnrTXvA,1168204,41744,0,2061
MxbGf_JyvVs,273408,5989,0,333
1FQQgqFeu0k,14204,161,0,12
dYlX_R9opns,187636,5582,0,253
qEogQkgGEHA,54232,838,0,38
6uMyPRYjIYw,125467,2340,0,134
SAROJPnd_s8,9620488,224872,0,10381
k4A-NWOdd7s,28665,620,0,22
yN0I5xTjaGo,2040099,69264,0,2612
83nai-eV0vs,54700,746,0,68
DHvPWoMeDtE,123407,2816,0,152
p6Fj-Uq6Q4s,141998,3283,0,158
y0i3Oflyvwc,15168,163,0,26
-4FyRybGiBc,432405,14086,0,362
FEG3Ob7-E_w,31262,798,0,34
vvgTV5NEpu4,422254,9578,0,341
wEk0YlYEJAE,194170,7431,0,521
plMNAPdAyPY,508301,20935,0,1649
Xdv9whWY-ZY,232871,5756,0,397
7VUJWO6P7w0,16716,229,0,11
emPobfT6kOk,226296,4547,0,363
sLFDCyqqBsQ,47801,1691,0,106
vixsBxoufRg,31954,733,0,29
vXWcUdV9AsY,119924,5544,0,179
R9gdI7TbLY0,222541,9134,0,444
NOG49BTdJLQ,91916,1529,0,104
R6RNq3XKIQw,86653,1971,0,181
AKK5FV6zPkY,394635,5870,0,272
-PPUagtPyw4,23110,426,0,37
a-V77_moZYw,1081878,33312,0,922
wp7qctyVU2s,3674743,106577,0,2521
D7bUdMDK310,26220,535,0,39
HObS9FWpTNI,61011,1303,0,94
eHod4ZPzfLc,87137,2372,0,153
X8LTs6EZF-Y,78637,1680,0,85
3Qfw6pon9tA,520557,13019,0,868
5HPXuxrdduw,12958,185,0,7
U0S-FysDePE,112961,1434,0,60
cRUvdNsOdVY,60979,1637,0,104
tJKwzmJSpN8,1117067,23862,0,1611
MQSos6YvrKk,16621653,101375,0,2456
YN3SNoTrLY4,394202,6420,0,277
0pq_xv1PB28,285800,8631,0,440
khUmz4d2Hv8,224966,8212,0,307
ABjmQCxA7UU,304167,10725,0,722
ecZNktlc-CE,88020,1746,0,106
yBEWlarv8Tk,57366,1279,0,242
1aq9WjdCUik,130128,3549,0,149
yon4fKby21Y,46205,1005,0,38
OEYey-h-4is,19668,306,0,26
iFS4_4Ji_-E,293904,7901,0,575
rzEhsL_ezdg,14921,172,0,16
m26N10wCwss,264487,10379,0,229
CajCimN0hf8,56628,1672,0,245
ZoxKkGpRbtk,409574,16495,0,856
rr5gRttagmU,285077,7517,0,201
CM_ARaGik3o,473387,20023,0,834
IdqnNo1mqko,116977,4130,0,184
sR7JdLO_y5s,2279275,39102,0,1288
Lr3T3BxxSVA,112804,3558,0,216
N_t55quR7x8,1504587,35277,0,1114
6xzmBkhyGxQ,359573,10486,0,572
mkYN0mzY_2E,781905,19902,0,742
-Lq4Vw1T1Jk,23631,490,0,36
Oj9nUXIPPYM,181108,8668,0,502
Y7ByQy2UTJ4,14954,201,0,35
ZfqmSZ-6Cgo,658790,23211,0,655
SW6L_lTrIFg,68246620,606824,0,19163
85_uFm1R5TA,1225783,70753,0,3064
DN1Y-tbCHvA,82565,1766,0,102
Ehw07lXL1AY,1628467,65453,0,3494
Q3p7JxooncM,683805,8383,0,390
MkpZIlLYQpo,23362,327,0,20
Fn6S9NTpPvk,223564,10569,0,507
0-PlG-SU8sc,349624,13837,0,378
C9fMzxICTjU,107860,3650,0,341
wNy-HJXcFho,82383,1669,0,96
e0zFkeH9PAM,108630,2238,0,206
Q3wH_ydeqs4,15860,278,0,19
bOf3tD0sMxQ,120910,3099,0,168
FGWUGkSvyKM,99310,2265,0,153
87_1W4P1F2A,1824452,38185,0,1348
Su6kidaGW_8,47274575,530048,0,19914
PSONFPl4Qvc,110797,1956,0,279
zD9hyjbTuF0,547150,19988,0,1354
I659WEhRgA4,19439,211,0,21
npORmybcPdk,1074820,30249,0,1625
8NqSBqTQIq4,220743,7851,0,587
Ko5yZHAiKTU,678118,16080,0,719
yB2p5Oaa5Js,588652,17086,0,520
GNrerhak_pY,6053455,137636,0,5702
wRwId2RfmfA,18538939,380220,0,18899
nSS4FiOY8P0,1183087,26181,0,1686
svxhRbzGpMU,599892,20766,0,980
8xoYo-rU_Xs,155955,3961,0,160
k4O0NfwHmK4,14592,211,0,9
vDZBjxj-QAU,225167,8100,0,514
3ZLP8QMVse8,900855,16057,0,825
A7dobkCQj74,2798524,49131,0,6051
jCnrqmFSXuw,123517,4308,0,233
I7db2X9RA2Y,232728,8338,0,562
dh3MiwuLntA,7005223,161604,0,4224
4Nms38zErKU,179843,4682,0,254
aRgJlYnlJCM,359122,11253,0,306
vWQTzN_Nj1A,124570,3535,0,139
nIiR7Tsypo4,117135,3644,0,119
W5-yezpcZNU,9069445,197716,0,8150
dzgEjZyN9ec,7464497,163238,0,3383
LMQp9x3hkMc,1006061,24057,0,1078
A8fbjYgGouM,563861,10641,0,671
bpY060dYQgM,82210,3193,0,129
OZHSCZRs1LI,24545,563,0,26
S77KlsGlbCI,31729,1330,0,37
Olv2wcDxslo,83604,2429,0,103
KoCk1krAX2M,50018,1522,0,64
-dW6ksJVWXY,37975,1311,0,84
_hSLiT0q7qY,74959,5209,0,101
blPehZQd6Ms,173111,5765,0,193
yzvMnB4wfww,208446,6965,0,440
GxjyFQS2nIY,687191,21907,0,685
bMN99gLK424,94359,5087,0,141
gUaAOpVvbVY,157481,6602,0,632
nJnEN7RlR0Q,44110,1105,0,63
VF411hFXtI0,43534,1054,0,38
A3fxj5CoyfU,43370,1980,0,103
mc1QgsEl6zI,269477,8648,0,341
cX8dyBKGGD4,511802,17475,0,1086
6cQUKZXoHlE,154780,1207,0,76
Sgi1i2z-zys,69382,1530,0,68
h_5bneT_Omc,36874,592,0,26
UH1lce2Wzmc,340937,17627,0,596
PG3kd3_v6js,45099,1005,0,63
1sdOIpRJuvE,58877,1789,0,95
RyBMNprEeQM,77773,2608,0,165
rUF2yr7CC4w,57239,1967,0,161
KgrCYvVYSRE,14012101,228668,0,14594
e9hZFjbOsWg,116787,4901,0,262
2o-4iD-ZNFc,496550,21623,0,1089
yEBk4uoX6L8,34506,2341,0,24
Ql02rtW62Os,482682,17983,0,538
Dr6eIvys-IU,24084,2443,0,29
1d24-TN19bQ,46756,1271,0,53
8UdN8uWJRqM,51572,1992,0,72
99jaKJvtRBY,42375,1185,0,83
EYnDSuG3Y48,14625,730,0,18
ujDMZENuwwE,44826,721,0,55
FiB9OMGRIVY,22497,514,0,32
ZknTE5DPlAA,2896350,88122,0,3534
KTNZR82fVHw,7250576,202085,0,9427
TKfRm6uNx7I,7701508,98015,0,2262
F4neLJQC1_E,139213727,1033450,0,23739
kdby_qSPFj4,16498,1037,0,29
YyK2H0G4jrE,876098,23579,0,787
pyJsiO6SbAY,66318,1895,0,144
nABC-s1uBCk,759096,28840,0,1467
fmAumVZsXEk,24381,435,0,30
iZZv2BDtP50,294183,7903,0,512
T8o7k1GCM0c,80048,3538,0,140
MrDA0ajZuWU,244481,6996,0,548
wVwceGji2YA,14516,198,0,29
AppQlKyDJEQ,18712,211,0,21
TKcQyUszdhw,1538888,43826,0,1313
R0_JKdTkjus,59347,2546,0,82
bhKMsubj3bg,2973070,65345,0,1234
dFiytMtU0Mw,220203,7279,0,238
66fk2Qlu1GA,14297,323,0,16
AndHtmw36GU,38500,821,0,41
hh8YaTThCKI,16659,245,0,23
PSgPYBn4yyE,230794,10068,0,400
n8SdsHsiZ7k,111709,3699,0,194
bnbJCEBGvHU,103146,2936,0,170
aLavBHtwRX4,67913,1921,0,99
lzYBAe-Af-Y,392269,14729,0,568
p5NH5J6RWWE,15059,325,0,24
-YOhQP2WvM0,19204,342,0,37
mt8-QwG8dXM,792238,21208,0,751
AwCd9yxgtwc,47952,1654,0,55
3-lQ6Jl3DhM,15718,437,0,27
YIguSzBUo8o,57234,2014,0,129
fn7qbEFxH78,21099,373,0,24
Y_-I2y1YPsM,3763779,70033,0,2882
1jUVHWe09GQ,75769,2394,0,119
QDJWmG7d0AM,115619,5047,0,265
O7VbbXCvtTg,155574,4789,0,192
_76wT1NMgUY,1519541,50599,0,1927
BXIxdwhdjQo,13174,177,0,14
gBCV3RFWCAA,184345,3971,0,259
nmDSzmiys1g,669271,21590,0,765
6_tzgvTDNds,53852,1780,0,156
GXMRg2snp1g,293674,9206,0,219
6oVetwoLng8,22755,1130,0,40
iK1uBBv83M0,16864100,110177,0,3117
x_bGpitYmK8,14115,255,0,20
uEK-6cHmmZI,244764,7498,0,537
RvVqaCs-K_8,6225872,49399,0,2011
YEnY43csEG0,232116,8780,0,382
Yu80GEBrYq4,125338,3402,0,185
2dqOvCPFzjM,28031,1417,0,35
MkKYLILiSDo,573864,17511,0,894
qQAocwtyXXk,109574,1381,0,128
4RL4mk38wwI,394900,11659,0,353
3Cu67zSVl-U,258916,4755,0,271
MYiP0WO6yzA,657163,15398,0,706
Sy4msuC9GI8,114244,3051,0,245
XVMJXZYgNfc,16733562,280974,0,10225
dJm_RW8Rm10,352701,6857,0,415
0luknWYSQNA,54309,2640,0,118
HJvIQv9xZqg,308742,6902,0,435
5m06nMHTQ7U,120176,2633,0,134
EMkmtH88C7c,65711,1430,0,69
SWZ40I40qFo,90934,2200,0,156
xctyRJC3bZQ,377747,19367,0,986
HJgyQ47qABI,414045,14517,0,494
gFYAXsa7pe8,64800865,2808086,0,181722
7IgdpEjO_X8,253873,4473,0,324
DTIZikaOTDE,3211481,95377,0,2034
wdYEZGchdiA,365627,16297,0,421
2FblAep81Cc,281953,12169,0,375
wh-FnjWFTJQ,74970,1538,0,91
KCYQ_QPKd9k,38911,706,0,38
2bOigld3D1k,3033070,87416,0,2295
9EBGxX5je0E,221858,5520,0,227
CMyNMITOjro,1327779,21035,0,661
DXDwkzM7eMw,250159,8113,0,529
tthPY0gAGeU,61502,3649,0,132
vhfsae_nv-4,104025,4227,0,226
-yiQbeB7Bk8,250084,10563,0,452
9S53BdCfsjw,2796380,65834,0,2836
VyO6-oZmtms,148466,3611,0,174
4sZ2_aGsLKU,16791533,479277,0,13465
YJVStI_aC9s,163479,5830,0,269
C24hUt18RWY,6570408,146568,0,4448
Ebs6uj2iMEo,106814,2035,0,105
JGafVApCHpg,74456,4009,0,119
mbPa0QH_zxA,4243013,89670,0,2628
zvDmr_REr5w,147290,5512,0,206
o0ZnzboaDSg,1297872,29552,0,765
2Ws_5-hiqao,4792006,145195,0,3424
riz2_MQoF1Q,1213752,46769,0,2621
HdKkRs6H8jE,224125,7987,0,354
-kNVBi93Phs,18939,542,0,31
V7swrM4dfuo,50960,2515,0,140
yyVW_j0VjeA,46615,777,0,34
oWQcp2_HTPw,319984,16180,0,687
68hXtA9odvs,72417,2264,0,139
tFxQbPYe_ZA,1651154,26165,0,787
2M9JPJhu3XA,91999,2553,0,108
Wu009EAtFHE,56325,728,0,39
ZzOKewL7m_M,33628,1293,0,122
2ooC7TOr5m0,155878,3006,0,147
w8e9sy02AS0,150073,2968,0,259
OuCF7BtGrEI,127896,3774,0,204
kf2htMu_OgA,32031,5466,0,26
JaGQVG9p2vM,18643,1198,0,10
SVNKQtPvv00,469150,16332,0,361
bfY1i-XONxo,100653,2943,0,142
TZUdt79HNsI,43497,2992,0,89
17mKFPut4FI,2676304,41497,0,1731
X7Z0QEVfR8c,223767,6254,0,260
YXzWPnf6OP0,27780,859,0,27
o2sK-E5DBnA,31181,1717,0,28
6Zf5dB6HFp4,56440,2389,0,177
m4vnYGgoYBQ,332164,14026,0,410
2eXGtT7E5aU,1205959,38281,0,1164
QYtIT6J7G10,119994,3154,0,127
hhSp3agyGEg,17093,164,0,14
mJR6XSSKi-g,4509503,155151,0,6435
KC0pfCv4A0Y,4876360,85614,0,2776
hARU2pnprX4,82345,2996,0,161
DSgJ_6sOBB8,217648,8259,0,321
IJGh50t6crw,559024,14298,0,585
_S80LFnceaE,32140,588,0,57
HDCiBI2pxeY,44481,566,0,31
M4iukkBmDGg,84102,4161,0,169
EfyZ5U7PBKQ,273182,21672,0,1043
1ZhAz6-Cgdg,92048,4270,0,381
fFUbOnT2gCg,880667,24617,0,710
6v9D1nf1p_Y,960645,20378,0,1039
Uz5Kgcjiasc,96634,6249,0,234
KVPx_extb6M,62021,3824,0,84
zBzeyUvkmCE,140167,3895,0,238
7Sc34WvNxp8,45617,2049,0,76
uwUt1fVLb3E,42810496,521993,0,15177
VAb6wEdum0I,98999,2996,0,172
rbEmFl1CN5U,311782,17157,0,1043
bzOEJgwIM40,63317,1510,0,94
koveFxBb3FU,962986,27411,0,1458
Svv3IX8exP8,1134680,25129,0,668
o0Y3feR_WTw,94761,603,0,51
EdsmANgmegA,65353,5276,0,141
5DcrKid2h0w,143295,3916,0,182
TOrp6OrtVFs,357696,18406,0,650
zdD3UsAemq0,79362,3443,0,267
G1t5dhH0ytQ,34181,930,0,42
XKwDFDDr_VA,3622790,109270,0,2923
jWQR4HrDCIo,31358,579,0,29
k51uMl8rhp0,169482,10549,0,940
4qSYuOYHR8M,247168,3083,0,225
k4YOIEg7U-c,56994,3237,0,95
lwSBAS2Pp-U,57331,1223,0,49
XYZdxSJLg-M,294830,15860,0,685
h4luI94cSi8,155815,4999,0,242
MLSyGaADhfw,26928,805,0,42
kCLFShptAIA,401696,7477,0,419
7Wd5s78Lghw,82773,4170,0,78
meebIY77RI8,108893,2120,0,106
vNi82rhiIiE,105328,3900,0,210
1ZJ9ynWJY78,1579158,27585,0,1046
kjXNLLlbnRc,268321,4769,0,206
mVI7LTePxg4,52620,1333,0,53
UGjWvL92_1s,160542,3902,0,218
FNqYFLEt46Y,69227,1809,0,96
sRUoNXE8cT0,64003,2138,0,149
TIWWV4fLBjw,551602,30131,0,2197
1sddHHMsGTE,47206,1172,0,109
ze4xcmBFvaE,4320645,102521,0,3272
fym6Yxbmki8,48577,1102,0,52
KKW3upDoxsg,238399,12462,0,358
BUWpIou5yO0,140772,6090,0,298
pqh0kU-Fwt0,37002,1428,0,119
tMMowlS-i1s,184544,2456,0,125
qso4MRfidrw,2098702,90548,0,2902
YMsTJo9yxGA,119617,1724,0,134
ICBtVbDVinw,39195,983,0,62
O9-gjKPjGKg,236685,10330,0,288
GbADcl9ljwE,31784,3522,0,39
L6gK3eZ1m_U,357515,23174,0,2644
PMpGjox3TBs,1281472,40163,0,1568
y1VKZUg8XZA,5048247,104355,0,2996
WR1BUVFToSE,374207,6400,0,357
zEC3KU-IiWY,465379,23962,0,523
2qW2139LKN0,1652839,28389,0,1740
ans3p-jnuyo,25278,361,0,0
6-kMktdfHms,95412,3727,0,196
JQTM86SZW2g,244714,3787,0,208
0D0yLOK7z30,187796,3285,0,204
UanRDr0m4IU,55240,1157,0,80
23vumiogTQk,1660278,78853,0,1574
TMxAKlC5FMM,260393,6854,0,495
7RzBrwRLX2E,447843,12990,0,635
NArUd2vMgA8,270452,4766,0,234
ysdjtyV_DuY,8010964,96681,0,2169
4bE2gmxeeQo,38434,445,0,31
PBksI8zbhrg,601910,9318,0,470
ahqSpH38xPo,189948,3039,0,161
u12r_JI8mGM,690632,31202,0,2176
uKPo110Qpvo,418189,18575,0,464
HOkGQsLMW5Y,356407,10996,0,338
uMEnML6sY5Q,1745815,42890,0,2200
y5mhIHW-bL4,261402,5577,0,236
HXGyYeG4eRc,115625,2806,0,151
B_TOY8gQ2NY,598497,20636,0,1646
d0GoWhQgxyQ,2420576,39844,0,2282
_1gUaOyE2dA,72607,1270,0,53
bvQnLyjDuEg,92912,4246,0,266
4iEgxnmXkUU,190617,3431,0,214
CfnM5aeH92Q,55984,992,0,58
Y8xGS9eJQRg,9242555,202305,0,4175
WM_cufzQ32s,44514,1593,0,72
KZk3eoAb6Ck,193028,8108,0,345
jIIuzB11dsA,32515356,600587,0,13528
dSAKavA0fbw,99166,1286,0,59
-vLoM-EqWq8,5328624,170966,0,7218
zJferx79YyU,143283,2397,0,108
j82L3pLjb_0,30034341,344895,0,7167
bepALS8u1zM,116092,4122,0,117
tXUCJKto68Q,1683908,47596,0,1702
qreeSgvYH3M,209860,4602,0,229
B7XF3tINSyI,201391,5439,0,319
4l_gUwdPrNY,1109585,18358,0,1410
6X1uocXxyQo,40489,1610,0,38
auy9DFC2eOE,1487127,33190,0,1082
K5QcBZt_SgY,197726,3042,0,189
TZvakUFEu04,258922,3882,0,228
5dqqknz0ERg,52053,700,0,56
NGv366y_UjQ,976810,26107,0,960
8XdGbFeuQHY,133588,2440,0,151
Qll7IHN0I4Q,18209280,228297,0,7525
6k7_B07IyCA,152855,2390,0,207
HA1TBV6bq6k,166033,2529,0,109
ZD87vLBHGWA,250057,8271,0,363
5iFfh0H9iUM,334436,11000,0,803
qYPQ0EUmbTs,235581,7125,0,447
oi0uBhX9fxI,123531,2656,0,189
WSIb1ViLWDI,4433579,87200,0,3308
vnQA-A2ZvE8,786741,18190,0,679
0p-X6zczdPA,679995,12357,0,658
0Cmzn8BIOdA,9617972,177855,0,5898
0ME1pIEJjdM,233584,5393,0,269
oNLDJp83YAQ,1281761,36236,0,1286
usDb7VDRzeM,373286,11030,0,460
jVyb_yLGrHE,5264264,65793,0,3777
x4Al4EM0Ni4,111590,2930,0,149
JtBmUxz4GsM,2021022,39831,0,1603
2DyEjfb5hrA,118639,2025,0,78
xaiCqYODMJM,132695,6336,0,274
nHVLEst0-5g,546035,7800,0,410
yCCOq36BMe0,161837,3363,0,127
YZ2iWUyT_DI,147934,2500,0,280
oJxApTsm1YQ,367289,5124,0,265
B_ymY0xG0LI,5900935,121603,0,6717
gpfpYTmohAk,870559,25134,0,1308
gLMG0AMQn3U,978071,35828,0,1328
pre9lE3Wa78,4900021,121996,0,4304
1alXHOMDBN4,6719973,149336,0,5574
_KKjBeAfdPg,4513608,75722,0,3406
kCcmk4-FZwY,5395206,57801,0,2513
GYJ03MIPoIk,8154969,247766,0,12255
Qd2Zcj1flw8,377956,8369,0,439
8An3Mr3Sdzo,856080,26431,0,951
NGsgb8m0Yns,1178183,25130,0,1205
HSyJNWyRZ8Y,277072,7546,0,212
vfzu33BfRHE,4295996,99658,0,3803
xaaYgVRZTnE,12644717,178429,0,7086
wA7MgcgqaZA,212989,6026,0,284
KhxIBgJTOVI,148194,5069,0,295
n9O9JC14wEw,447853,12471,0,382
s_TgmrNNHXA,2492469,82592,0,2032
omjtMhXWobw,942956,27910,0,1324
G1jq_2-l6wA,106343,2668,0,186
2JbCDE6PHvU,604159,16072,0,1119
-kfrmkseMAI,117080,4537,0,266
FvVnP8G6ITs,27450002,503479,0,19747
xnS2tbgcTc0,19649763,306906,0,8149
XyW5Zz0w1zg,2119748,62429,0,2384
sc6WMuTSP1Q,199853,3016,0,289
eztrJeHyP_8,1275254,24492,0,839
L16H-lAhoNs,254551,4577,0,265
GrmZKTnlOFw,2695536,58565,0,1917
ShR6wGxzyu4,281662,4078,0,347
D7Ti9DRLZEU,5567531,114987,0,4520
fJDjmOVD-Qg,137816,2029,0,118
F0Za2ZHmVNI,133731,1768,0,156
au-mBoepJUA,184382,3328,0,150
bWvpvSmD3bM,317248,6542,0,390
q0fIdFx3pbY,380380,8025,0,360
Uf3Z6QDVy5w,64351,3828,0,284
AW_IeElzPDQ,352188,7453,0,340
id28fCyYgIU,18610084,162289,0,4737
3WWdzDr4f0Q,631027,9341,0,610
LFg_BdPV3Kw,42898,1369,0,43
nbt-fm5DcQ0,1009319,23568,0,1134
7bEu7Q-dLXk,579817,11146,0,1087
GTl5vKJWhpE,334860,17278,0,466
SaadsrHBygc,129785,4482,0,151
5SVP6oxjWZk,341764,9865,0,597
k2QjEgOtCAA,3681789,42402,0,1510
5dzTxC_Zbm0,224965,6593,0,502
V71cl130ARg,5133745,131861,0,6797
jCJcQUi-ncU,174222,5354,0,265
LOUTCXW2CzI,21119,552,0,34
5MZvMEfqxGo,1199999,47938,0,1255
j0uhEHIU6Sk,156433,3010,0,340
cc4AxM0Nxa8,365948,7504,0,529
-ZZYXlJ8-k0,600299,10891,0,769
rZjRU5ElGrk,537629,15232,0,444
Mz1ZSoujzcs,3064668,98944,0,3261
m0bOq-sm-m8,1126623,29029,0,1263
DFiLdByWIDY,14627921,386144,0,13271
lonTMlvxhQA,393264,10186,0,235
nu5p2DMQGIk,1032250,41621,0,1451
vPBirt1YhuM,7982787,204309,0,9049
kgZ1YRDyohs,148317,2001,0,208
K6tzeZLjUNE,22526974,315849,0,8527
fRAC14k_-_4,231460,6610,0,220
bdneye4pzMw,83157207,687729,0,12582
XjCGI4Sgb7k,878206,20171,0,772
McnYR186yMw,156948,3233,0,210
JNNnk0tdY3w,150035,4284,0,129
QNtlNvR-5_o,351931,11473,0,605
adkrKP_maM8,37907,1433,0,56
3AaXv14akQc,531285,10953,0,512
dKjvdOzPi7o,1099088,37691,0,1729
3QtklTXbKUQ,2201586,83420,0,2925
wMehItNQKAA,9896783,154427,0,8130
gMp0SlkVU8w,24733500,109502,0,0
Jo3XEdt1Yhs,324638,5625,0,356
uWKroDod_tg,18355,532,0,25
2dzYv-OBwW8,27199,515,0,22
NyK9DbPzReo,157187,3210,0,216
A8C1frz-5D0,47380,1867,0,70
wzyR_MWEGBU,514407,13461,0,703
bx-DprXhfxA,19429,449,0,21
bDX9y5xpVFY,81136,1953,0,97
P6P9sd2Llk0,59136,1190,0,58
LIP7efANp0E,137287,3715,0,227
X6D-0r7X20U,19027,788,0,16
nsM_d4eb3XM,5129515,106411,0,4204
Yrjg4DzHO7E,38808,905,0,34
wgWkbPvUF4Y,98063,2851,0,101
HF6CfGndHH8,104902,1973,0,162
yKJcgH9uffg,69562,3530,0,167
vblNQ2UQhgI,33670,732,0,22
3EF0DjNwWeQ,74800,2782,0,144
BVnSJ4SL7sI,92095,1647,0,115
01YU7_B0y8M,29789,655,0,23
jd99SAKuun8,161675,4260,0,164
wfUz5M87J9k,153370,9775,0,445
RtrRzQLxWP0,32921,823,0,72
fiWcguUcLrM,29702,1421,0,38
LB96pjoQrtM,159420,3821,0,303
iS8pTCdJwA0,30704,582,0,18
IUVYgCwpv7Y,152891,3009,0,285
5gY6MwGF_dc,48050,2405,0,39
I0nJJujYC80,17094,1593,0,29
T4TcOUxOOeU,24859,539,0,23
apUE3nAeszw,219717,5400,0,272
Yv0QxJVnmBA,17855,413,0,12
hYnC7FCsNO8,1889745,38269,0,1443
KsOPtTdTLH4,31263,2944,0,57
i8O5abtTp3c,29449,610,0,58
GuCNoCqiWxM,47666,1998,0,107
VcWXDfmT_BA,31679,1353,0,33
ucV-erYqy8U,85548,1511,0,53
j1Yz-NyLV90,1039074,20580,0,741
CSK4tFQDouA,161183,4844,0,113
_kPsj7UbXM4,41793,2633,0,46
S5lLY9TZoG4,33202,467,0,159
yNG0ZoWjrJM,114217,2229,0,97
7OM49mPacyk,39921,6033,0,41
SjFo6l4c-oc,4553210,69872,0,1793
WnnSanjneU0,21386,457,0,21
6-eVcSR-YLU,49648,1218,0,51
qoyc83-56EY,142324,2808,0,208
rI6DKaRE0vE,24575,717,0,28
8Otlu-H_5to,194335,5327,0,372
tIpt2SXe-bc,40503,1051,0,25
p4VIaoYAKL0,50292,3008,0,70
-pRkWrQgTWI,116446,1522,0,95
56NhIqQ5jx0,30037,755,0,31
t8UKQJZsv4o,3559790,47575,0,2784
s4032gBpv2Y,264728,5559,0,147
vghu40-NCtA,115808,4002,0,92
HN4Mk3LWWC4,113645,2040,0,114
3AN5Rx7qwE0,46975,871,0,71
LvbGm1YOu3g,136354,6216,0,77
jxIK19PQngA,93499,2019,0,111
pdYPubpDDoI,32719,753,0,78
YxUaLKJ_978,121360,1629,0,123
T85JAfMJ2vQ,59696,1637,0,57
xdGLK_sOWb0,2185762,52916,0,2328
ze2SeIaOU3Y,32763,699,0,51
jmvz0ZdVphg,257895,5356,0,220
R8EhRSHq78Y,418329,7624,0,306
AB-S8wL-AKY,1483443,45513,0,2302
hge2tUY6vsU,44869,1101,0,50
vSMt8qbhu0w,1512025,27953,0,2661
RYcQiWgEG2Q,56549,2846,0,103
FWpi1gOkaqs,52514,1946,0,46
5gP0-sDkFS8,2182143,57983,0,1890
IH_tNxsmkg4,26893,534,0,15
1JuiNySKc1w,667970,18107,0,1381
9pTEygixKGY,270971,5471,0,379
WgeTcxx-rrQ,115947,4926,0,122
GP3jS_gFs-g,1224959,28374,0,1018
Afx0ZffcM4M,187976,5066,0,126
HwgV6MJneR8,508410,13334,0,428
wcj2jJOlWls,584751,13092,0,584
o4Abt48WxkA,212627,5902,0,237
oOsv_NxG9lw,54200,2107,0,64
HPpjFtNPnAc,1095330,16656,0,892
20yeZ9znhEU,511059,9543,0,152
BX2bCSoMOOc,614423,11029,0,746
TUWgTCtKYGY,36854,1035,0,45
0wZpheK98Gc,1031433,31148,0,956
_Zvp0NWx60E,28190,824,0,48
pbSvaHuDYKA,522121,15466,0,552
7esVthIpIdU,45654,1513,0,51
HQrZmIm64NM,215595,7543,0,392
YSrJ4amfO84,124565,1997,0,134
SA09W7orJCE,117669,3410,0,134
aVpJwxt1Obg,28171,728,0,28
NjIwhDZ5nnc,28996,748,0,20
UU5a8xIiuWc,1398014,33048,0,1332
AxFYZQQdJCg,223436,3027,0,224
D-UsvRrBStQ,47123,1675,0,87
QiaIozOQZhk,46265,1332,0,78
O5kpqWXn3nM,52434,1293,0,26
DcnMDkX1PZg,239550,5174,0,213
0pzIzOgIGyg,159105,5879,0,176
QPTWjkm0aW0,14839,265,0,11
GsMMry3gZd8,15966,1688,0,22
hxxcEzM8r-4,32194598,357779,0,10898
ALUKDkOxVPo,9068636,208877,0,10041
cfhzD3QWipU,346510,6367,0,298
_NIFz8wRvMs,1030847,32944,0,1880
bScwXhbY5VM,39508,1074,0,105
63tpfbrO_Nk,21080,350,0,13
285MHYpXe7o,40849,1283,0,57
_RT5tZtCAD0,230286,5029,0,285
jstlfPIXK6A,41966,1764,0,77
KS9jhfLWlHI,45966,1167,0,95
4ORnkWCeplg,3952710,68938,0,2876
it8oMv9gpmw,81281,2722,0,132
OS48Lp34Zic,3361426,71230,0,1719
N-t-LM7icEU,51702,1473,0,34
kOuy-8crzV0,29757,515,0,20
1TC9aLMYbbM,24356,485,0,16
eyFltx0HQfA,74340,1259,0,31
-YO2XdLBnk8,151816,2721,0,71
RihHBYf69H8,19375,277,0,8
xSuPEM9uqH0,22944,1795,0,10
OcHWD1wHwFY,30809,2499,0,9
h7TflcAgs7U,54092,618,0,18
iUiL_4X6SKQ,419177,13499,0,418
vwZ-4gN63_A,199107,5556,0,129
JUq5xjlh2us,30847,1017,0,23
Ouqjh0VMfbI,23749,908,0,8
UxwJOdVmcfw,25114,3577,0,10
fhFwBmSxsKI,94309,5603,0,120
sQb40EBrRvE,15304,347,0,15
P98C9_Dft68,12544,136,0,5
YnLOV0UkLCY,16665,349,0,17
UuuVcmqOYe8,21116,398,0,21
UeNUsg9vzTE,20396,438,0,7
UPQsEoYHekg,125325,2270,0,133
vGQrBz4YqzI,163742,3017,0,197
C3z7edMwGao,238461,4311,0,290
f_dSlxgD2Fo,273873,6585,0,314
tCrLnfwX088,4974053,145878,0,5211
KfDY0eodPMU,234229,3166,0,262
VERVVrzLSuo,450065,9092,0,394
UlAa0dc-E4w,1218346,28161,0,1125
qOxCOMtJbC8,602321,14307,0,637
EkPrXL-H5Qc,6790665,104710,0,2494
O70s9aV_9_Q,4004188,61765,0,2315
BdmgKq4Mw48,3368597,52287,0,1911
6m0lk3M3_Ts,2103337,49463,0,1703
LTzmjU8aOR4,3821485,93784,0,3139
NkmGue2WQyg,415973,10953,0,500
ZLqXimltxsg,104332,1512,0,176
9dc9kbRlwB8,364258,7788,0,362
m_bOjWb0KeI,1148588,23958,0,1639
47XlUL6sRow,1924701,39973,0,1324
A8a2EosJIbM,9082107,183000,0,9673
-RnRAtMwOEY,203228,6753,0,318
l5OBuqmErPI,170028,3103,0,572
0b6gSb8ZKX4,149319,3704,0,249
Y-9ZQCS3Pb0,2739525,51010,0,3101
0Oob3oFJ0Ec,1673254,25650,0,1376
JYGmDy7o2H0,5020947,59603,0,2223
qZkGpj2w0XE,224945,4397,0,473
3uiUHvET_jg,3289508,88823,0,2277
4cfmEgpOOZk,21485646,390798,0,16036
IDksWTzZQ2c,3244846,70838,0,3244
S_noXwzjavs,295740,9087,0,610
Mub2i2BoHpM,1009886,26802,0,879
Vb2tTO_gRXs,13168,239,0,14
QrR_gm6RqCo,133610620,1456165,0,74165
4kPRyzb9Z44,469942,6429,0,306
qV3QhRG3KwY,94968,921,0,75
NoPz80SCCg0,1534443,39813,0,1538
38AYaRYfLqQ,208055,3999,0,294
HwD03VXHTlw,10557,164,0,10
TpO_8tk6yNQ,1340695,26729,0,573
1PYNStp9jY0,421898,9642,0,474
ivR988qCPik,1457702,36432,0,2673
vOzYd1ehERo,22242,698,0,23
4Majbw74o1I,257757,6115,0,257
qMMO4xhe-xA,1043703,23535,0,952
SZxnLj2cSzY,2303110,46997,0,1745
yVoa4sxIqGs,145572,2260,0,360
iU0_cYjm8HE,6034499,121174,0,8165
ieoiAeL-uow,6080047,62985,0,3942
Q5kvsLnHJDY,148745,4368,0,224
86LSRQUrCjw,150338,3022,0,217
Y1Kv_sFZHqI,189234,5296,0,325
19dIwTQk0GU,9145106,150625,0,2901
B76B_akQJuM,2275906,43542,0,2086
9C55DOhatXc,164799,3918,0,156
yXrlhebkpIQ,42841049,482310,0,8849
SBziTI8VfAQ,1810301,46576,0,2569
RJ6sEnl-3kg,139027,5049,0,369
PBKa-AAy_vo,32107157,439760,0,10524
IUMTaAQ43lY,26855823,286863,0,6995
592crJUBgGc,1519049,35420,0,1272
9QT_A0HHjUA,174426,4060,0,209
OXPfeg09IOE,285041,6844,0,405
aWjihS2LHLs,20095597,170465,0,4533
sWlclUJhJx8,345990,6023,0,229
vWLJeqLPfSU,18616623,263131,0,11366
rW0o-tXJXW0,98288,1250,0,142
BfNlkqX7hlc,214666,3552,0,171
42MiCMJ6DJU,554127,14400,0,483
Oon_lSONbB0,155225,2375,0,169
I8sHrD48zPU,196123,3070,0,139
Eqme6GKr57U,2617132,49317,0,3282
DDu4jk2_R_k,221335,5912,0,217
Q6s_ZL8b3GE,728024,15427,0,468
2K49QKVR0p0,4196217,88620,0,4181
9UmWZEZakXQ,133833,2418,0,90
2IYeAET86pc,32094,665,0,44
cniD94MqoCg,1029567,12379,0,664
05EW61wUoLU,909581,15456,0,1158
CHMZW9kLpg0,1105901,21271,0,1303
3cyOCFBVWpA,19233,278,0,20
qn6rgisZm1M,5054810,81190,0,2229
lkDYKk9k-2E,8306470,61225,0,1749
9-0f3bKQyAw,64037,718,0,59
YkkKUARRpeU,3607245,45403,0,1243
zv0JuttTu5s,31496,374,0,53
xkBeytzAHy0,779838,12000,0,440
nXdC5D2PqoU,185645,3586,0,169
FFEU_MNSFZY,76487,792,0,47
3CxvB0d5VF0,1362342,26826,0,1845
7WNmrsbu-hc,870892,12490,0,566
yng5CTT8Ogk,3313114,44594,0,1553
uQAQg7F89DY,56721,1022,0,138
CNr2SSINbY8,25858,432,0,18
sbe4AjPAiOk,58046,1692,0,65
hrAILI4-25M,193926,5169,0,236
1gxm_5cShUw,479913,11056,0,533
G7L5cLqdRwE,306704,13430,0,251
x9qEmmPSHs8,202866,5712,0,265
cIhPnCXTgII,55949,989,0,36
DWtkS8iR5Po,13446,327,0,11
Z5ak3A_GiH8,17324,513,0,13
8v2KJADPJ0Y,12679,434,0,16
UEW3Mgzj_B8,17277,348,0,14
dkFbPJq4BI0,19138,488,0,18
sOg7mAkrKJw,3562060,41274,0,2375
kWg2nMJkO5Y,118904,1705,0,151
YI2zmQgPbBU,17632,457,0,21
Y2N9R9CDEZk,298698,6142,0,259
_8xj2qp6yls,1613747,41699,0,2361
36FNJiP8GWk,260047,4793,0,400
rqXfvgNBS6A,34176,2610,0,17
x9mmATqxSjQ,38407,605,0,18
kJsrgi-8arw,26897,1020,0,11
CghK8iVUHBs,2740882,87171,0,4556
kDRd0CEneOU,127014,1941,0,148
ZPuU39-PYjQ,122327,2689,0,97
y5p8Bmv0NSQ,5046471,68907,0,3768
p8Uw1cl4xjg,5604104,98274,0,5373
W8SnRPbiGH8,262481,10504,0,885
N83D8KUeCqs,1525376,22797,0,940
Ab8YnmHB6tE,244739,4449,0,264
5KmvqS56jSU,219937,5422,0,362
GeApLkyH8jg,1411630,36281,0,760
K2Pf41N5Rqo,299545,1359,0,98
T7di55eTFDE,302551,5214,0,353
haK0DUXIre0,1591570,25579,0,768
-ZOW4CvYAZ4,346290,8912,0,516
163cLGI6V-4,62791,2134,0,58
NbpRu-yzNfs,822438,21099,0,512
jKkb2q9EbSg,135816,3608,0,146
IxAcW7zgAD4,2570708,45216,0,2694
BfYJt1O8ZjY,1321222,24445,0,983
hcAKsXR51HQ,340959,6935,0,300
AzDZywUp-mQ,351562,7298,0,462
gUd7z9g8vGY,130378,2933,0,212
-T6b-obgmlc,97975,2004,0,93
W23gEiUwne0,563817,17747,0,791
XZdnq5tN5vI,1065378,21396,0,689
6uXG6bReqXY,143261,2219,0,149
BVnUddPsVRk,141673,3442,0,238
it3DnfTZIM0,217087,6307,0,327
hp3T9H05pV4,144364,1498,0,112
saHIBFPOALk,15738,175,0,10
XMafp_ykmVk,199886,3657,0,277
i0F-z13-vHQ,156249,1731,0,114
gqUWu0WNzJ8,908316,18301,0,646
wK233t4Z0lg,106562,1496,0,58
HcAxgErAkTw,4396955,144378,0,3812
XiROYerSoEo,262211,6714,0,428
mbfEe3URv0s,21025,798,0,13
FQrEmZeC04U,271533,4359,0,178
JQs5XagfheI,1677501,26274,0,1264
N1w-hDiJ4dM,39064233,822600,0,16178
LL_iUj-mQfg,3821419,83314,0,2597
BbP1AzDf7T0,78222,913,0,169
gwQiH8lmIeU,67567,2599,0,72
C4-0Q8W8Nb0,936706,31913,0,1208
-hLJNZSIwP8,2851817,62706,0,1238
JeRXCjZQAHM,44957,806,0,49
23kmzrsjmCU,1716231,46822,0,2538
oaSN_bHjyIw,2191292,40341,0,2031
I48camns7KY,297072,8386,0,337
-jVqp8SvZHE,128660,3460,0,232
l0MqlDbZ_as,8569417,171162,0,3871
u1gypcrPXJQ,95641,4051,0,114
kp-I1dEH3Uw,76436,683,0,80
T7xWl50pKyo,392038,6108,0,466
EhnLJwmEy_k,3412651,41406,0,1820
peYcNm3JTe8,1497078,32766,0,1170
sNAil6VlchE,81652,2272,0,82
eB4oFu4BtQ8,17708546,232278,0,7460
JODaYjDyjyQ,35402975,418101,0,12857
tK4gaJwXw_4,1273354,30142,0,540
4wQUv87URYU,132729,2799,0,242
GkUY-aVuNQo,159552,4635,0,356
zhVgbZdMdb0,11001304,185957,0,5795
rb4tXqPI7NU,523676,9842,0,642
1wFWR5qCB2k,1242736,24595,0,1257
WEzNvKpMyvg,107252,2620,0,163
_t-nRXwAL1k,11593591,219551,0,4378
8jubZRUcPjA,149127,3433,0,179
tFdebIZJah8,9065806,91401,0,2927
ZyHipL45pwM,4842036,74872,0,2702
3oY-GQVzAX8,2809570,31188,0,1217
QLRxO9AmNNo,8844389,145372,0,13954
21ix1OwPoY8,934694,18734,0,816
7PTzbz6layI,210047,9527,0,136
JpYCCcWlxNo,246387,7673,0,220
QCtkkX2f18M,1474090,26005,0,708
NPlZQ5L8yUY,65402,1175,0,119
h-_YEiac55s,1498319,29902,0,1160
djUh1eHdepE,3943653,32998,0,1750
Pvn20PjBa3k,5621839,110447,0,4220
9Oy3pyPxRo0,225023,6338,0,288
SqPtIkxSxI0,8554277,102988,0,2442
B-oxSercnbQ,661441,12048,0,1131
U6ToeaeuOQo,901872,16022,0,1046
Tid0nlwfvAI,514645,8297,0,383
kc2i9pwSSqE,513310,7148,0,283
ysGErZcZRGY,904218,19129,0,1008
riQLL65OMfQ,213090,2787,0,104
pXPfWDze11U,128327,1646,0,70
__T5lfnEv84,190217,2357,0,114
X_BzysUbsYw,198241,2380,0,302
OvW2a7mcVG0,668006,8451,0,300
0WyqHfJOj-I,2106337,40205,0,1143
6Gh4nOWMTVo,529790,4921,0,208
rDJeYMel81Y,371788,9785,0,449
-kWbZvVU-e0,12056921,181249,0,4524
p0x3aKmEu7M,346213,6981,0,223
NEUD2CkKn8o,286054,8141,0,215
5q-cdf4170A,152929,2394,0,182
OX-gMWH9qTQ,536430,9623,0,455
ILrIEKaC450,431964,8663,0,277
O7x79AtDKEw,567925,12744,0,690
-tWhPv2U6aQ,483277,10040,0,272
gvQ_9JDpAuU,657369,14258,0,430
gFIMU4vzi2Q,159575,3544,0,166
YG8wLT8SFiw,935991,14878,0,420
3co3LrB7luw,166794,1904,0,88
Gfnnk-mgR4w,19700,272,0,43
QpoX4_zZWuo,50806,1544,0,44
1leQwkEV-MU,9780,146,0,9
8Zpkw5oEnvo,116382,4362,0,145
oEFqsWkkxvo,183873,5734,0,166
f7-3kiK6F_Q,610886,12876,0,371
HdFP4P8ZkjA,121772,2915,0,183
d4f9X-SC_xk,64008,792,0,101
FdBwOOwcwTU,302155,13693,0,675
XgYT7zB3w5M,766746,10257,0,621
Uv51mMQ6jRs,30334,563,0,16
4X-362AhbRQ,60650,760,0,52
xNEhfztkCdc,775923,23430,0,816
3WocuIycshM,164678,5596,0,139
p9Hm6dCVxaw,12824,199,0,12
8zHdLF3-coA,6780993,83680,0,2087
smOZIefZmwY,330311,5159,0,248
gOwpqDhko3c,1120584,21533,0,719
3N7a7bDEqMo,82182,2833,0,86
JXfQmzCXQ14,19002,382,0,26
0SMTWfLCi8g,198449,3213,0,121
GVDJ8O3lPBA,25202130,391291,0,13900
jDmhJI-o_b8,5443,62,0,7
gfFo9Wj5Bqw,11343,3429,0,6
MYn38TUMFrI,20073,525,0,18
MWuXiZlIVqU,15697,368,0,11
C4ID0BCx7CM,15560,1365,0,7
1z0R3H0RNf0,4137,65,0,2
IEdTRuPC1XM,7494,683,0,3
ZkNOA20GoAc,28517,364,0,19
K58JYXhb4YA,5191252,143836,0,5823
pXtAhfQhEG4,205784,2903,0,149
57vvhrq2SNQ,287908,6380,0,613
fnIu25lXXY8,4178930,89472,0,2625
jLTe8Hdbz88,62190,2090,0,73
OF61pnLW2bs,8393,219,0,2
TrThP4B9OJ4,5618,591,0,6
7UpuSLDhXYY,62987,585,0,22
G0ALWG1ee-I,6172,57,0,4
nsEniAjwiGc,11093,191,0,5
JDFGPli-kRQ,37447,8032,0,34
XoUhx-Cx1VU,10317,818,0,5
w4EkwSaKrEI,11863,55,0,2
olF8VoDU3FM,6393,68,0,4
A6KJ3sYpUOg,5602,89,0,5
j2EYK0t9Oa0,24645,1003,0,32
g8uzAaK4ASs,30884,543,0,5
EpXAIk-BFuE,33029,831,0,75
3RTTkGAjn4M,66619,1129,0,54
hN24H_vW6T4,7302,395,0,7
2vT3u6_mWZQ,33789,1104,0,89
7pxxdB9_Ocw,8910,2394,0,1
GX7v26SxI3A,27416,256,0,9
W34P3_WQsBM,46154,610,0,39
fgOZK8YQc3w,40180,316,0,9
aAzqbVuK9eo,20943,305,0,19
6r22VkKg6Sk,18960,233,0,15
pRG0iC3xvWI,76598,857,0,40
ok5ysxpTBhE,7155,171,0,4
4oIlqiPX3Do,30669,1088,0,12
clAFxoWTKMw,45646,425,0,38
9DRc5T1sAAQ,11046,353,0,5
HDqrApcDDC4,25509,314,0,14
Y1rQqDIBRcM,8611,265,0,5
6A4e-Pm4bT8,120557,1943,0,78
3gbYHt20IV4,355231,7846,0,182
eKEqwJr4vnA,33534,1066,0,53
aB7DnTQdJaI,17347,397,0,12
QKzobTCIRDw,14806701,256727,0,12162
EQY1Yr_WWSE,297922,3581,0,141
ND3CSftO9w4,197821,4609,0,363
1jfblqENBBs,25630,840,0,35
dmIIlGIlkBQ,112615,1129,0,86
Agzv-FXS3Fo,181987,3195,0,275
lgmw41CY1Fo,2017657,48982,0,1573
RBDrpw6MIOU,24740,770,0,36
9fpdZM_M4jw,21860,2480,0,31
CRMdH0_DYY4,28721,892,0,30
zM1o4OQaIEc,732068,9027,0,552
0plnzlNBxnA,340803,6605,0,265
HXr3nrd33U0,1827749,32131,0,605
O5_IAndUG7g,831513,19922,0,611
MAqIrCjOxws,469405,12425,0,306
0MYcKEi8zZs,716253,10454,0,401
nsQj9pEO3u4,28551,616,0,17
u-syZXHPcJE,3851708,68269,0,2295
NwjN3UCBW14,3350399,51377,0,2060
4Nr7mq74gD0,142174,4237,0,98
BGpmIANN5Lg,1259244,27889,0,1002
e07bI5rz6FY,725818,29550,0,590
Ap4DtvUu7Bk,4133106,82193,0,2007
wuOJF8ecoY8,324528,4273,0,219
hU3P6dlNaB4,765857,20158,0,479
oIbFjfH0erI,352105,6629,0,230
Ea43VkCiyFo,1602625,52157,0,1302
zflhaAIgZtk,172202,3406,0,78
YJNi7aRwUzU,6981894,64832,0,2983
04Wyb8_GqMU,66417,1564,0,143
XQFbDCKiJwA,348539,10966,0,452
55QnOlXckOk,237487,3526,0,150
hJykCRucbBM,276446,4581,0,187
wlFQjExxD4U,2002335,28505,0,2148
daXGLo4aeFQ,232679,4253,0,189
-l65CPxS6oU,39666,296,0,13
fKVZEfxDvcM,420848,10673,0,523
weL8HTY1NJU,1993574,33044,0,1138
zkZTKJnqL_o,11374,109,0,4
yBJegOrwYR4,5235,292,0,2
vLJbYST-VhM,15342,2094,0,29
S9bLHMCnCAk,353709,3563,0,252
cUy9AbXzF2w,295200,6535,0,320
PnNTMsXiLbU,27773,1572,0,41
1djpZqRRA7U,1073138,14902,0,711
CXgO7xI7ElQ,81458,1052,0,49
7BXQ-WA7Yn4,139327,2440,0,79
usHWB9JqGr0,34388,650,0,15
wgDvMLAwZT8,16905,175,0,9
mBIAnpOrJB8,312311,5805,0,250
NIsUeV_zmA0,69956,806,0,40
C-_2tDdSX8I,31624,382,0,14
dyayZmg144o,60834,682,0,24
pn1vt1T1snA,56274,541,0,13
eXs09v4vzio,223873,5198,0,200
69QYjqkAIwI,90420,3107,0,52
TeDh-3IKwgc,1967699,25998,0,683
5wjYSjSHjoU,220951,3705,0,105
ZFokrwZ14K4,279724,5065,0,288
HBkOUANs_UU,20978,382,0,13
PuSJc4DXrRQ,21795,306,0,20
R0iEwrp6Clg,14232,189,0,8
U9QNnFOTM4M,4276,2357,0,3
Z6W6SJ2WlAo,23022,1347,0,6
ftwL8OUaQb8,14632,164,0,8
i0QYnchFhFo,18302,267,0,12
sQo7eAGd_yc,13175,248,0,19
saKchHCw2Nc,12875,186,0,20
tiI4GhJl3QY,9275,389,0,10
ewLgmWXQsqU,552666,5267,0,405
xIZR52eKgUA,274792,3582,0,149
oE9T-ubu45Y,118169,1191,0,58
oVVGZd2oH7Y,160138,2776,0,84
SjsziZFxupM,740944,8245,0,297
7gbVe62shAg,6081,2663,0,0
KDAHRm4Se9Q,10576,118,0,5
R9VbHJVt5mY,6021,3366,0,1
y0G49ruL7Ro,4985,166,0,2
0wR7CHEzk60,2341,29,0,3
KHLICzsmFys,6992,932,0,1
KDxIWXYnbdk,20072,1433,0,15
jds1jDKdtzA,9665,123,0,1
i0hgilO3_fA,7853,135,0,2
0jrS6aDF8AQ,6899,121,0,4
1EOM49ILzgk,302481,5041,0,126
Zvg1TxWp-pg,27944,455,0,28
2AChGszRGwI,4536094,76781,0,3221
vArST0dVOl4,166455,2946,0,127
qTJfITfbYNA,11754831,162959,0,4639
h--fvyPu5e4,2806521,46144,0,1543
eXfVIPqcF9I,289081,7705,0,419
Qj8yFyOojNo,58515,669,0,33
NsEQbJGZcbM,208875,3688,0,134
PfeixjFB-AM,84716,1778,0,26
vXUznxv0qF0,159349,3067,0,115
D0E5vMkDfOI,4519290,55238,0,1826
3q3z_KvLUNI,229853,3051,0,179
uxglzsJkBJg,1459628,21781,0,799
oUGukMLPQJs,151039,3268,0,158
ferZnZ0_rSM,116381983,1113722,0,26689
XnNCJI_LUhg,293626,4539,0,171
Q5XmnmEyaKQ,386948,3963,0,271
gSZzJu67EJc,108552,3952,0,88
AKOlC7TAQ80,558267,8182,0,276
1ZBx8vllUac,25436,514,0,15
6CdU4cdTsz8,11865,637,0,12
xnsQe-NawdI,20166,1219,0,9
Atzfe-JM1V4,29324,595,0,17
DNMhiMtNq2g,735525,9253,0,402
Dk-EDXUx48A,3944,5761,0,2
aUuG5c-GSQw,7249,148,0,5
zNaUv_XYFGg,35117,526,0,27
KLtNOY6DN-I,118323,3090,0,122
gGvveKqV3D8,78037,1316,0,67
l8QRdR07LOM,9807,89,0,3
ypVzrhGecFY,23816,377,0,13
KxB2dtzu0I8,121647,1588,0,104
Sd4nkj8gKwg,23391,2315,0,7
EqZJU1dnfvQ,1736,36,0,0
dKNAk1c8pWI,2856,43,0,1
gJ28rsK5Rdk,2189,1750,0,1
o6iweXqlwp8,5521,107,0,5
pTyRaL1uqCA,7038,106,0,5
8VmqKl2Brd8,4942,70,0,0
E67fifuQw8s,6036,179,0,1
FAHCNaZ5h9k,4896,203,0,1
PlHk6gW-HDs,2272,32,0,1
PtVCsya7rnI,3042,70,0,2
UTrYcjMOjeU,3874,1168,0,4
CmwIetPymmE,7055,109,0,5
X1AFKEAy1_0,18791,842,0,5
co_tKgBlG9Q,3656,56,0,2
lt21TbQOItY,3965,260,0,1
zGPrH0yJ9fM,4380,861,0,0
xLFeeOVrNlI,670597,13724,0,260
4KbPdFZ24F4,226721,4341,0,207
DouAiv06tMY,62619,739,0,152
sNJUzwBNbxo,2899766,41760,0,1555
ZHbkzeVym_0,81756,900,0,40
NGzdrEbEe5g,1292,1179,0,1
aglQn0cGk1w,1195,22,0,0
d3JUvkLs2w0,951,2806,0,0
5rJaDEylRIY,821,28,0,28
Mk2pGCexsL8,1489,2150,0,0
Z5kvDARSEPk,6469,178,0,9
M08UXUc5Bd8,2924,117,0,5
3gs-tXw1EqU,936,142,0,0
69Vu2vWBol0,3318,413,0,1
SsVDzGmhL_Q,13947,265,0,8
ZtVeQNY__jI,3615,738,0,1
QGENoSE5bb4,883,25,0,2
bF_2JCGSHk0,1261,151,0,2
slr4m3TrLoA,1561,75,0,1
xF8PNedI9ZA,873,29,0,1
nPlt8K7cApw,981,21,0,1
aQvifTKpbVE,4453,131,0,8
izHxebc4O30,834,28,0,2
bsFXj9dnVPQ,923,14,0,2
Oi__IilWh8U,901,15,0,1
c456ja2gHdU,877,21,0,1
2yxU-_md2hE,79336,2042,0,80
T3dkJZS3n9A,158317,2101,0,122
s9SC5ZMA1ns,7134,104,0,2
0q1BD5szpz8,161704,3932,0,174
bh8eV9yxehM,12782,503,0,4
glIdwZTOeCw,2922,81,0,5
q6eIjsOwo2s,7635,166,0,5
xioTLvQtnzU,28045,2882,0,20
6nT3xD95uRI,6034,105,0,2
8lg9jPwTTO4,1808,47,0,1
CvVA5nmNpRU,3731,541,0,3
DO27-RqMjC0,20027,239,0,4
LIvgCrPXML8,2339,44,0,1
Zv9mvQykVOM,15904,201,0,7
ddQA0BeP4pU,6609,1476,0,0
jv63prlpk8o,5987,103,0,5
m1yeuh8VIfs,3771,73,0,2
It1ElyMTBmo,5520,93,0,6
UJ30eyFmujg,7567,954,0,14
cwNSdlz3j40,14870,274,0,7
k8sGHwCN6Qs,7816,113,0,4
bWdZP2Qj6wA,5438832,84657,0,2284
LaCjgtH4zac,181633,2477,0,198
sKqnfdBfaEw,121015,1997,0,102
pfPvgAtgTNM,902216,23265,0,785
2BZSvAsmMXg,122014,1844,0,78
bmWBDs-5z3c,53033,1067,0,29
zWckUls1wVE,59010,1226,0,55
15IHNYq6stw,2580077,61574,0,1919
faGzVf9ySmY,126253,2160,0,96
syxhhSFNe-c,1059243,11419,0,530
P6H3jeut9jw,59428,958,0,36
QGAzPtwUJJU,5633354,73189,0,2072
tWWxWpfkzR0,144188,1212,0,67
snJ_lTsMKlM,145661,1518,0,86
s-vJEg8jzWs,8566,52,0,4
QcGs8rBynL0,995431,22769,0,813
YvKVs-q1oZU,186120,2489,0,195
tKTQAGYo5hE,288947,8147,0,277
KIg0Hk8oLTw,14123,140,0,18
NvHPuggkDpU,83426,1485,0,125
CEayGhxI0gk,602995,10226,0,448
wVpfyWhon3M,125071,2064,0,86
WbyyxIZ02Zs,1301642,35770,0,1189
9GLIZrSwFWk,2439752,30245,0,1756
Xpb8L4qlrYw,401348,5837,0,344
pVGCIH54W9g,159653,2445,0,163
00yQGeJ6AOM,2619394,60345,0,2393
uSgJbqaYS74,355522,6021,0,232
YjIvKvXjhas,164917,2679,0,144
TFLy8mwJWRU,134026,2156,0,107
SxAiVXKFVV4,114682,3952,0,95
2NrUTnrkTYQ,137246,3097,0,81
5la5HaFxtvI,159233,6092,0,108
82Kh3P0Mgpw,134195,5460,0,84
FWOxxoc1W-4,55904,2039,0,28
OkIm-vTLAiE,71050,2625,0,53
eTAPoAl7Q9Y,1248991,39134,0,559
m1BGBdehZ6Q,52644,3992,0,21
yzUfzFWl2FU,146673,6196,0,94
ltR3PVPV8Do,120521,4159,0,89
-qXKhAalBew,9115,586,0,8
4adENnOJa4Q,21300,384,0,20
P7poiEviTh8,7435,615,0,7
SUvpsocjAjg,6296,121,0,2
_Kh0MZKioq0,7042,2437,0,5
aKy7ssZhZz4,12827,259,0,16
m_t9eAm-Pp4,5469,120,0,3
hU_TxuhMh_o,12473,426,0,16
LNhwcZxDjvA,1058,14,0,1
YR71uygz3Fs,1603,405,0,1
4M9miQa22oA,3974,54,0,8
4KUETGfEHOg,7226,147,0,8
SqWYzZn0lJw,14085,391,0,13
JhPtRJHhJT8,477387,20716,0,339
MblwN8Zt5hg,43771,779,0,10
ji-EdRtL9qU,1708536,26387,0,2124
UaTONcmNotI,240553,3361,0,129
0QlksrDwpDc,94451,839,0,78
ccg78dWAPX8,25672,1226,0,22
HqQbSdSeGjo,6207,1480,0,8
AWsdLStGibU,4886,915,0,5
RSh5MXXQNjA,4281,66,0,4
4lVmw13PmsM,6884,120,0,3
MO4e4IDxdBI,4827,1814,0,2
zmFTCCq6xNc,150751,2941,0,114
74Nm1P1KKJk,3069,67,0,1
2I_I4oQlytY,7248,123,0,7
hAnVJeN7Fe0,2263,50,0,3
sl8IxcjhC5E,964,48,0,0
RmEVs6EGMwo,5586,2136,0,1
mMCPprbi404,87218,1240,0,35
rS-5W1F8NyY,8736,149,0,2
QXqxIbNg_Rg,11061,264,0,11
SvV910IPiUg,2351,60,0,0
Yo-tgAy-DZQ,141473,1626,0,87
itoZSfzi1H0,3923,126,0,3
jhEfjMhcmco,222994,2879,0,161
BqTO8ZoWiB4,4156,156,0,2
Br2ZJijlus0,9690,1609,0,10
lO6AI9Kklu8,12055,261,0,9
cJMvd3Kkl1o,31584,583,0,25
ufB066oZqFM,32339,1060,0,48
CKj5uQ5WcFs,4088,491,0,3
KO8zX8hByeY,4288,2646,0,1
M83lspDopAQ,16188,137,0,7
WhZtiT7FHPg,20264,861,0,16
_pn-WIju3EE,91839,517,0,26
lNPGFxhRR7I,10540,180,0,9
xjpI6zb3b5U,5978,4984,0,1
zCb7WjLLIzo,61334,2541,0,14
C3lcprigQ0E,18535708,203489,0,7849
PowyyDrZ21M,56802,839,0,19
vdl1entgDq4,38703,749,0,14
kyRrZGq7ES4,18970,282,0,9
ov_7h-G9v4Y,247529,4793,0,94
ygfOdgmo4H8,51870,629,0,24
m7E9GGhPCa8,66709,1086,0,35
chBVpGbgoSw,39617,481,0,11
0QYrdMqI8wI,67581,882,0,24
bXAOYGqHFIw,145086,2108,0,82
aNRJN3NYWp4,27482,494,0,5
pCDJv4WQ_bc,1263936,16212,0,668
ro-tGpyxn7M,130024,1955,0,83
MWYwQIMSDC0,12039,125,0,11
RRipadkd6wk,9142538,88688,0,4951
GTXqKSMv8Lc,856719,8977,0,487
n6oSeODGmoQ,4172897,148037,0,8070
FFt-C51n-CQ,27296,316,0,25
sqEhRf04g-Y,22990,507,0,16
u06JLlcBw6M,17340,1225,0,45
zxP6hsZpIA4,27800,448,0,11
1GERpV6cT6E,27450,470,0,29
mglN5Kk-XSs,8971,163,0,14
SIaw5Fr7res,3478,77,0,5
LbTxSRK_qJg,22412,444,0,17
ZKaKghCTdh0,55642,1074,0,40
5V_nqdv8YZc,11399,277,0,13
R_c_8z7w-0U,12589,665,0,6
OL-aRjjyQpo,683394,9648,0,868
tADWPTqR_4A,3930721,72920,0,2246
JGL-eQAAxGs,16201111,182611,0,4933
rbrvQMIDfiA,14607,285,0,20
WzM766qjsIY,32509,510,0,11
06_7JaXuvPM,12181,247,0,12
JXpJYtgCnJA,502530,6516,0,160
zSnJ6aaAwps,3775,74,0,0
dAoDMEe3Lz0,3595,76,0,5
6FT9IyQowIk,6250,151,0,4
_W179RGBTAc,5187,672,0,3
T6VJKLIEzVY,4819,63,0,2
xZSoPZ8qeJo,7168,81,0,2
7X5D17n2dqU,2123,42,0,1
FFQg69Tv6ow,2578,56,0,0
7bK8hmhfIrQ,1878,42,0,1
0lNh4lww-3c,3357,47,0,1
O1ywCm6DBE8,3014,79,0,1
g-KjUeqziRM,1397,38,0,0
4ctpqpshPgE,13150,1238,0,12
4n-c5VZOf7o,9156,975,0,9
VahfsFbNhHQ,12079,1524,0,4
Zxd-EZbbeew,7381,646,0,8
fsG3UQcwVHA,5547,946,0,4
gdRAcoD5Gt0,2677532,30447,0,985
rFtP7Xc_Fbo,7642337,193651,0,7192
Rue8yHTgKk0,6728,166,0,7
n-5hhop1s24,13977,270,0,13
xxpSqHyN3mA,49783,946,0,39
Cnxsl2ZBkSI,26354,1938,0,37
vdivtfNIjiQ,5583,1890,0,3
ooow7xqTMt0,64487,1801,0,35
7sZYd9eHMK0,13103,296,0,5
R2osJjSNxTE,279385,2617,0,147
KMQQqa21ZVs,731546,5693,0,273
c5NV8GSwnJc,20523,1207,0,16
jJur8uq6K4A,119313,2729,0,124
VNMms_zGbnI,1869194,20918,0,843
jiNvJKF-pks,607018,12953,0,606
RZZHTVr-r-g,2421781,58592,0,1978
EFiJHEYomqo,92418,2654,0,65
pMxRoxcvu8s,16308,617,0,10
wuEl_li_UMk,11980,197,0,5
C5EjS_ZEE_I,261718,2806,0,118
4W0f7FmcJyg,1005262,12202,0,502
nYN2SDjnNW8,1384520,25272,0,700
xHtJBU8AaPU,8401,77,0,10
Iyzf1EKNyno,340116,4583,0,155
kGPwK_sjZ1s,98072,1099,0,52
9jVn_JCjpT4,246852,4738,0,145
JIWuthYK5dM,8719,169,0,9
iOdsAE8Mq7I,3151710,38179,0,2764
-rl26QKPHtE,3640212,74015,0,2842
xjSsoOjT6MQ,11094,156,0,15
7d2mC9zDkKE,364472,11695,0,709
iRENaUQc5No,272140,5279,0,172
6ZgS7POz3yQ,6679,56,0,4
q9xLciMB1RA,337120,5150,0,128
4OXXpjE5e5E,31954,251,0,19
TtYtyz8KE74,2062690,20503,0,722
p8cHEKNu1V4,117690,2767,0,63
PSzo2bbvnTQ,79089,1071,0,34
gsRYciU3Y2g,1462093,27852,0,1084
IxNAivZ9VV0,442697,6132,0,76
9w_5vRPBxQc,273116,4068,0,156
plm1JUJhz4I,61022,830,0,34
kG8_OxI0J2Y,1720559,31898,0,1187
YONHd7WYjJQ,106777,1203,0,42
rwvCEWWWt7Q,3319693,50852,0,1434
bEeCz5scUZs,281544,4324,0,240
SwEZYA0OYgg,14314,1125,0,10
KTHXIWNxDVM,6765,304,0,3
A4CnP6RPugo,53949,637,0,46
n2GYNneYupw,19297,522,0,28
20XhDSMmalA,208838,3516,0,139
RROtdQUpTK4,377400,3598,0,161
0TiEO149Ydc,3050720,30848,0,863
8KUV2TFTpGo,7010678,38081,0,1162
osf1gckzf70,1377147,37773,0,747
uzzVdi3HOfU,972797,11679,0,401
evBgLWQwAFA,8389645,203567,0,6723
wHDiWRM_fhE,28516,2775,0,27
nRnPD-KW-0M,381906,6268,0,356
d-oJgmmBirM,136757,1548,0,126
RM3hj-6F1pk,374979,6733,0,329
Q-AJMUh2_Ug,87441,881,0,113
A805D9CVAr0,268562,6081,0,216
mVJjmyFfuts,5124394,92622,0,3113
yhSjdfE07u8,159396,4166,0,74
W3MaEAhXESs,1238206,22762,0,787
GeZ_gq7DdsY,706353,11069,0,470
9HUV5a7MgS4,20258214,266952,0,5704
xkd0hAHxSm0,1936462,18322,0,502
hf1UVIGsnt0,37806,1235,0,13
zB-yoEHpCgg,319893,5418,0,97
xPBFmLuRBsw,33276,2554,0,8
xCXno6uwTUw,10250,882,0,11
jlIW6Q4sutc,25626,316,0,16
vDkcbEB5dNY,82301,1021,0,28
sj7JQCmo4us,292098,4610,0,121
QSVB_a6gkus,46671,427,0,19
cMrauwS3xLU,90588,1531,0,70
f0mH5YWZW9o,22373,780,0,11
Ljw46uARUA8,18979,260,0,13
lEWM0h2Ewbw,60891,841,0,30
7wTE0iT-7z8,15188,367,0,9
pKN4G9DeTjs,5083,82,0,2
lKHuB5gf07M,34618,1132,0,10
JELonpsKzaE,11756,122,0,16
YfIUN0r7I0s,63215,1074,0,27
9l-YDiFZt9c,9547,2696,0,9
1dNAG8ORLrQ,11683,246,0,8
F6j49uzPugA,4211996,84472,0,2231
VATGBUBkrUc,289688,2456,0,121
sRZi4QQEGBI,1415617,18717,0,705
qQ4PZVj66ac,736165,7762,0,415
VEML9hSyuSs,43193,443,0,16
jLihhW0L9cY,159799,3356,0,122
2W6zaNnahmI,30687,371,0,20
XycJ-XnrTBo,29908,372,0,15
Lh34U3jqM6o,53204,2857,0,14
aNLAm3OTNfw,28574,274,0,5
sf1aMnxSjfE,16013,181,0,7
LtGdTuufB9I,126183,1285,0,41
yAbOV1QZTeA,34038,4822,0,10
UAP2MggrbZU,23355,231,0,4
Re25o0fYL50,29797,910,0,18
Bssac-iZsHY,62521,839,0,29
0fQJRrmb5lk,716591,9468,0,397
YcHL0kUFPhw,15640375,118026,0,3971
x1mSr92dBfg,180531,1475,0,118
C_oACPWGvM4,12067862,157167,0,3566
Y-8cvt3y-NM,245598,2253,0,159
0lNFHD0lUAQ,3416589,155265,0,3986
Xmal7_hGOz0,187839,2647,0,131
EnYBuPmwXuc,314475,4132,0,188
7R35_SvWFKY,522803,11612,0,376
w1hiwVawMb4,71942,7819,0,22
Q4awAmiZj50,116362,1449,0,83
hNw5kna518E,265317,4313,0,183
saT8AUI7RyU,142551,2768,0,126
2fIJPxCjlPk,117532,1596,0,99
KO5Zh11A3vI,20862,2694,0,9
dfqMxVc1ql0,167668,1813,0,108
HaVsSRXBH78,229301,3232,0,154
Xqd86is7y54,363221,8184,0,250
pCGUsORIHhM,658231,10966,0,396
VNM8Tg9pvDU,467730,8846,0,694
Sn9aOq9aJ3w,150126,1815,0,77
oio8KDjLvAo,106740,3764,0,57
qM1Mtz35bmU,188658,2436,0,160
88_jAJ-MduU,916430,22902,0,741
iFGnkbZ3fLE,419588,5994,0,325
6I7u1bcE_MM,197549,3669,0,128
PtlDvF6f1sQ,324873,3678,0,213
dZTKOBElkyg,2450230,83143,0,2726
kKzn1_ubIBA,35055,1217,0,46
mA3Qw3KiEtk,168973,3131,0,109
8Cy3kx0JVAw,31148,713,0,26
EZ4Hum70sTk,1151282,18065,0,687
4-v1CKP4khE,138960,2063,0,120
ZhDnRcRml74,97858,2695,0,60
k0nyFpcQl-Y,204538,5888,0,119
v-xghWkpqmU,86233,2945,0,44
FPgoEhYR9dE,152872,2864,0,55
HGQzhcEOl4M,178139,2459,0,74
MEXSgFMRkJs,76646,1077,0,53
BDUwGCHA2b0,216777,6037,0,243
6e3bV26nRF0,112272,2990,0,156
j-Oc7NQqEjI,87651,1314,0,113
SiDBiIsFiqU,303796,3891,0,222
-Q9uIhuvUKc,3140433,50277,0,1503
Ag-OIlEN00M,1889579,22928,0,534
AjPakCJ_SRM,20767,440,0,55
hsNKSbTNd5I,3501847,69253,0,3234
58UBtiY-yL8,13026,764,0,12
YJ-efUsAhc8,2102775,30456,0,775
a86HDx0h768,110842,467,0,28
4WkUrQQoz9E,20265,585,0,73
0HOQkCC2l_w,94467,692,0,102
29ZbS5ItylM,140241,1459,0,56
FA1TsteS7z0,204631,1750,0,135
mi6uRT7PxTQ,6506827,58339,0,2026
TEXWrwpgkkw,4855,45,0,6
sLuRyWidX88,137024,1089,0,57
mhyD2qchkEw,4082654,47350,0,2006
RWQChDfEJpI,118890,1680,0,26
4FW01wJySqE,292968,2947,0,118
vsiSORdhYpE,2335438,21457,0,498
Ockin9mQJcY,162164,1577,0,116
iCXYyHltNDQ,26327,521,0,39
jv-mHrutCqU,10880,1278,0,9
tV_UQIs3er8,1212950,25231,0,2325
uKAM1Nn6QnE,18281,1789,0,5
w_dyejCfGVs,35310,1925,0,24
YoVCu1J6dSw,28444,489,0,16
AUstiNcnr84,16437,933,0,11
FjSJvEPF_Fs,10339,319,0,8
dI0F2Ru3S2E,14346,106,0,7
SsjeX2WIfHc,17270,269,0,12
20YW07z9dFM,19592,111,0,7
iXE_K2Kpoqc,2424667,23195,0,806
KPw-UZBnOO0,85113,626,0,31
C3ObuAlunYc,42582,546,0,22
itxAqoADuxM,28964,284,0,7
c620wBEOqLE,151669,1729,0,55
iNqkT54EDBM,263521,4745,0,385
ymYjwsFz8iM,3121192,44480,0,1091
INcwU-Xk0M4,913109,14218,0,502
lzrT5XI3RxE,8620,110,0,1
6r1-HTiwGiY,571226,6305,0,494
heFRwLfjVXI,618712,10544,0,707
fMiIZC8EFsI,91678,1235,0,66
tQ8a6hBoiFQ,99644,1333,0,55
Zw7DfFVga5Y,357108,5381,0,264
f2rkstacMlg,522874,7154,0,654
aqmpRB5Elhc,73453,658,0,23
QiR3qnG4Bf0,99800,1296,0,59
OEVpAefIrU0,1064442,12229,0,668
74MthcBUulI,19507,202,0,12
KUnUv_395vY,465640,8326,0,380
laqIQ-GTUWM,33492,263,0,20
dYOXPzcoPeA,352420,4181,0,278
ViFCeXpe9jY,16280,1215,0,9
agn1WrDnHfA,27090,759,0,13
4bFlkyWkhqA,53404,359,0,27
mTu4cXW9H_Q,593635,6364,0,471
FoPoI1IwcTw,5606608,65942,0,2986
8Lh1IWgUvpU,662610,13076,0,307
6vpXX5BjltM,9186137,90243,0,3971
Fw2X9dMtDmc,392286,6411,0,173
5uRrc0s66M0,34905,469,0,15
yxteG1thK5I,768042,10088,0,683
ubSZKWXyu04,502457,7309,0,577
_Y4KPYjfcl4,40673,1618,0,16
JPcqESmvTTY,69944,683,0,40
iKuFujJq6zU,227673,2463,0,235
-jWBOgn8xJQ,135457,1823,0,88
lZX6QTtyoJs,123819,1819,0,65
9-6HuhobAA4,61381,831,0,18
Gwg8jwST1go,401084,6486,0,177
EP61ln8KnZE,45830,594,0,8
H1ToFXHW5pg,476940,9856,0,558
DVDzdsljyk0,34342,582,0,55
NDR_SnJtxhk,137354,784,0,34
AbwPwWqA-QQ,2421752,33783,0,1386
cfuEIHEZobc,852652,15030,0,463
D7Uco3O0vn4,48046,882,0,17
29fKX7cGC44,38105,403,0,25
CIjXUg1s5gc,30067217,340333,0,15626
LiGTTICtewQ,179743,1788,0,44
gxlA6JB3Z6w,185237,2360,0,73
LAAY4eSmSZs,179187,2476,0,133
B6DLS5tahlM,343705,3917,0,159
2VMX_ikcsGI,14522,146,0,7
11HHue911Tg,3360269,25846,0,1797
cU7ClSwoTp4,92255,907,0,40
n_4EMO8e-1Y,134923,1496,0,60
Y_yZmKkSk1E,32313,2815,0,10
iH7j8ZzW8QY,432723,3517,0,206
WSsOEUlfsKk,196932,1389,0,150
fBtw1MOG8Es,294866,6773,0,397
c8a-7Yv3ktk,134374,1207,0,66
VQGYiWZTzXM,337927,3360,0,131
lnOHHywkTCs,632081,5074,0,394
0kgySblHsVI,310722,3742,0,318
k-89m72W0j8,191178,2284,0,81
PcoPedyXJVc,811344,5748,0,224
w5cMqD0WqYE,8914839,54968,0,2444
BDu7n-JajaY,78252,2181,0,26
ydCq-loae1o,210585,4758,0,211
jFycqnOpifQ,5484715,46092,0,1957
ppDcuEyNoIU,2026560,45487,0,1370
v57WNW-JsgY,90922,559,0,34
jOPFJ8zaAcQ,572391,9038,0,256
6wDgAEvPSAE,667622,16069,0,521
CsbWsKvyQTU,796439,14416,0,501
JROLUd6uRhA,238658,3126,0,213
KhpxH2QZ0-Q,149828,2015,0,55
Ox_s09dEsQ0,61181,3725,0,39
3OTnUlUox-U,1218849,14961,0,509
uu5laJPLn7g,131276,1621,0,66
X8hnp9M4JCo,1597393,17476,0,693
taEcgisSiNs,299095,2880,0,100
_JoXSTg1aHs,13881,131,0,24
iPJlmxnjnOc,135641,911,0,56
2JiLsYfbWD8,131434,1690,0,101
atcQ7QEjyWY,916713,12608,0,553
3h8Y3cZi66Y,172156,3711,0,110
YYdAE6a0ZH0,108642,1832,0,70
S9vbOVJTKok,119961,2913,0,108
q6KmRlle4-s,314340,2589,0,88
sj1C7BFcnvI,237080,3396,0,166
wwBhxBBa7tE,5444144,99388,0,4420
Bnq9rz8SHC0,332821,7327,0,492
3XyKhTwk9X8,154530,1329,0,90
vDcs3N__VJc,89860,2931,0,102
NIfTCmwgIbY,980375,10349,0,732
xm6Bf7dkp6E,559325,15956,0,652
6nPzc3fAiWs,7509,114,0,8
KjqQLTCU5fU,115252,2975,0,62
PDdudDaWdqY,223998,3346,0,244
dc9RulM3rqc,36734,479,0,29
LNJkdGN8YuE,139320,1667,0,54
9r6M0Pl-KqE,108806,1794,0,91
OfSEwffeK80,73018,2137,0,50
nMYqiTqcZNc,15132,1057,0,12
LpBEVbB7L8Q,75907,2781,0,29
f3Y55KWAhjs,50959,2551,0,87
4DByMjGXBMM,5216,1829,0,2
aP-5cq5b154,124699,2252,0,42
HbMXaZrdcNY,73311,873,0,56
he-eAyHRfFg,361593,8500,0,326
hTYOjhAk73I,258321,4958,0,419
MI7uy5OPqtA,50706,1079,0,56
oLgZo6Qi3Uo,15001595,208497,0,3775
TylWetspLXg,543963,6518,0,222
PwEFg6xEVR8,277648,2620,0,146
jnoJTryTpw0,28355,601,0,29
YuwvUoD3Og8,111397,1043,0,63
qpb4zlpp9xw,238279,4214,0,172
haunJARHPm4,1931530,24012,0,938
cSl4AZNwI94,454046,6327,0,231
kY_QJkII5LQ,25513,275,0,12
1lZcJG3AsxE,868197,5202,0,474
CuaLHUltzfY,34604,332,0,13
UuSpXmGYw3c,185793,2536,0,116
YVzjKyzX8kA,70486,546,0,36
l0f6KGsrt-4,506062,7496,0,277
TQ0qy5isP6A,106399,1620,0,80
3_qvXRXF5FQ,121581,602,0,183
1lc8mAiOUPA,77587,3298,0,41
_Qd6hYjR3j8,146173,3692,0,192
o9qq8pffH-k,6157,58,0,7
zuJVjBIcm9k,37276,380,0,29
Xv-FOSJIwrU,2383670,29088,0,975
19TbZEKioa4,3894,1562,0,4
Pd2wNvTlfE0,137223,3387,0,86
626Kab_uu5U,17881,139,0,13
nivz7x_TMK4,184823,1957,0,143
-JLasQ_iMbA,28184,224,0,28
gW-hDnTjuFE,16149,206,0,12
gZg2SAeN4A8,46427,1511,0,98
43F6_1QCRss,29161,211,0,57
qpCysv0p7yQ,4813,63,0,6
9_rNBo19E90,544333,4139,0,408
7NBTwmjqUrY,214820,1895,0,173
Q4WLbXzJFS4,159875,2600,0,146
GriDK00D52w,80922,1006,0,21
iqQbscsIE_I,147077,3055,0,44
O2AeQDIw2j4,79994,1974,0,64
b9sBFoufLd8,55420,807,0,108
SyETsd-rKP8,140292,2958,0,94
jfHxncKnUuQ,786167,12106,0,552
l9coJQW9f4E,107515,1834,0,66
JRVDNBCdMFM,357053,5582,0,196
Qx7xmUa1c5s,118262,2005,0,75
e8IyZHwtsc0,60056,594,0,22
eKSjxfYbxzc,102915,1700,0,116
1te0jHkRB0s,497614,5872,0,418
PFEhLCP6jzs,380151,4534,0,231
AndEMO__p2U,5033068,75089,0,3508
2mHFjJszcpU,932274,16391,0,601
OcFHOGZ-6aM,3527265,41365,0,1783
G7NapIZ1xGE,2234793,28490,0,1275
oGTVoX7AaRc,2661691,44823,0,1415
PBWrA-CWSEI,17823,141,0,7
hJHK6jj2DI4,32938,388,0,12
1a5ktK5xTkY,121482,965,0,31
PF0yNKroigk,144077,2094,0,75
8XxFbJcswQk,678293,8033,0,305
8y02Rv8sQzw,91021,807,0,64
iYqZg-YQWH0,171254,2421,0,90
iT3YnNdorCg,539567,12230,0,294
b2Eylm6_9_w,124613,2090,0,61
QgYtJOwBCsA,399171,5374,0,148
GwN-WixHkAw,524029,6551,0,357
VxpuB10FaSE,862612,9561,0,443
W-GffbPLyKo,31066,185,0,7
HnffuUtUkAA,108348,1131,0,57
1cZv0AD2u9A,31867,261,0,14
7PQYF4-BbrE,266747,3655,0,139
3ZngH2T395A,296414,2658,0,178
VgFa4bOcx3E,15411,221,0,8
onQLAEEeta8,6986424,60250,0,1223
q8WWNKhdy-w,195891,2935,0,150
fXjfvEcAV6w,895936,17160,0,554
N_rDn5C6Qbc,71978,1095,0,39
p1tNP5RelBc,18605,161,0,6
xoMzPhYYIsM,150588,2388,0,81
FwRcPEg1MyE,424007,3777,0,155
BBbqkvuJ4Mo,187247,1123,0,48
ofIduVOyoDE,82937,2865,0,49
nDdO60XcqPQ,335222,4390,0,121
2K9gjhbT7xs,288477,2396,0,145
s-OoG1aGYO0,13168165,149592,0,2761
Vs80WYJmVaw,154073,652,0,40
iGZzuAatKHI,227852,1742,0,116
iBDrTHCSWDc,609204,9310,0,369
GQeZfqbb0zk,554777,7744,0,288
Pvw42EIZxLU,110334,1093,0,55
HNY2u53wUbU,105445,1765,0,120
11po9xKBsbw,1769186,41651,0,2111
Ma9X4_PKctk,117783,1686,0,65
TX8QPtpLOfA,132451,1409,0,119
LbVD8k9qA6k,776528,6241,0,283
UhMRD7lw5zs,86516,1610,0,23
RIqOaJjqJxE,245185,2558,0,98
5bIlkpQRyTM,3649678,64100,0,1452
A7My5IpEzVM,518984,5914,0,200
n8YhnF0ng4c,241545,4786,0,200
gkYnVE5jsAo,314871,5230,0,321
l8bFkSkhDvo,49576,528,0,33
2bMVMjOMRkU,213021,1676,0,98
Ebm69gW9UlI,2580820,33765,0,1289
-qryg2q3lUs,585662,11370,0,532
K3wVlDCr824,26562,359,0,11
pc8U2VP92Vg,2562613,39331,0,1757
JaoUMbHvsc0,2762356,55068,0,1914
ukz2JXvGR5w,205477,2805,0,113
Trr7dRsjxWQ,66648,734,0,16
7_qK8l4tDog,80248,2194,0,68
74g4LeTipB4,279697,2655,0,181
hPqpyNylDAQ,6253,1779,0,2
EJVc80fJvyA,10477,167,0,8
C9srWhqF-Y4,62151,539,0,38
21dpKcxIhnA,7265,628,0,3
BLl8S5UkdNk,17362,130,0,4
T24FltRzaVo,27762,614,0,16
zmHTmgr_mNs,1143979,5355,0,183
34bgjdQRjIM,147510,1729,0,67
FowAzrMU0GU,102658,1117,0,55
RZNrWmf4xH0,2094773,38192,0,1186
2-1aLFQWOvs,95585,843,0,62
fS9uUDslHso,105934,1621,0,53
T8wzRK1Jf3A,31794,392,0,77
G5132RkO_Sg,61648,702,0,92
5xNy40dQCNQ,112611,1784,0,89
nF3U_t3yjic,581534,7260,0,299
OqV03upmhu0,42359,559,0,15
WV0xX1hAJok,128964,1261,0,63
eT5DJ33-Fbg,529436,9527,0,402
ykEnSrhinvs,117348,6526,0,55
UO0kGdxeQvU,71897,1360,0,59
elgknvkvlXM,146194,1957,0,54
B1gPVKJ7msI,720386,6196,0,465
q2OnQR6VMwU,363290,3462,0,246
MEjNggZsWow,2068609,23883,0,865
TdFCD3oXMZo,6150676,46217,0,1343
K9l9jk_96jY,13757,97,0,5
O_wrDM6Xl7o,97158,2486,0,40
zaD3x9cY6uw,63465,1113,0,55
4HZrQb6rGMc,111281,1565,0,52
QaCBV9HxupM,62792,894,0,67
Vc4iluNVwNY,64825,1818,0,55
a3iWbBLn0cg,14893,1155,0,4
jgvz8pi1FWU,8082,248,0,3
ULScfJm-tWE,85990,1294,0,71
YzKLbB5B0tg,730988,7658,0,301
gUvCkUi66VQ,518408,8775,0,161
j4qfT2dxU6E,1263983,16180,0,479
Wm63LibDiFk,658812,9713,0,295
-lqN-gGulJs,41487,654,0,40
GnI4R9Bdl3g,1018984,14296,0,1064
ggIwlQ5u0a4,115374,1074,0,70
v6R9H84koxs,221897,3873,0,156
nvfe7DAv_UY,41517,547,0,31
m1-Si874NWw,137457,3661,0,114
Z64OB3NiXFQ,92716,2754,0,99
RJMQkye_YTw,335863,4987,0,224
CU2SjQQz5Vo,7202,227,0,10
RuSFg4ZUrsk,30811,334,0,19
tTmXXvYfkXo,36724,1341,0,49
St1wbktth-c,61855,1058,0,72
ih9OL4jE47k,5260,70,0,4
Gbjo5-lxzIs,112908,2307,0,70
iQmFACaEVs8,6691,929,0,13
JFinbZgJcQg,253585,1358,0,103
fxBF7kiOaaY,3521,304,0,3
jdNz5_L6hXc,68009,985,0,69
TeHTQcfKgw0,10098,151,0,6
NEBnnVe_4L4,59251,613,0,33
u82iRMaAHaE,7361,137,0,7
3PwoKpsAYsg,3998,856,0,3
oLSrWXbtwHQ,13279,148,0,32
o5hg3iuoJoM,158073,2757,0,133
vAikGfEniU8,5971,94,0,11
-BE-MOHKO-M,6455,57,0,9
2z0Zcbb0DDw,5546,68,0,4
KH4iD_7jD_Q,12054,1866,0,17
o-3KBEXeGYQ,5254,116,0,7
k-LIsed9s2g,189091,2061,0,158
JdYFi1zADbI,25890,383,0,10
poSDW9ArsA0,21647,329,0,28
zJyf5NqiMNE,615938,9844,0,341
xJwyBBcP51A,340563,4349,0,682
wlQEPlj5JAA,125189,2283,0,97
6I0Dk8cdfCA,253983,3109,0,153
uw8YI7hoGW8,55342,894,0,37
3-03z36Is6M,2249972,29376,0,753
_rf7Gw0mj7I,185682,3659,0,121
98KiqCJSGWw,926546,11833,0,539
beILmAQdEqM,64853,1374,0,46
0mzjL5147i4,86469,1101,0,66
gE2lAnVj17U,23488,419,0,12
8Pk_2dVPjms,1179647,11706,0,650
n7w0-KgZMdY,3942485,51539,0,1372
6D5r_7UW8eA,147455,1480,0,109
xKdp5uI8AC0,4819069,44353,0,1119
LFs3XUqJvNg,1438683,15654,0,717
LKvFhPF0xYA,176297,1853,0,112
Shr47LVcA5I,682764,7735,0,414
JrEJmvuKSwo,9231747,121167,0,4233
c_RLDyJRWaI,152645,709,0,71
bs9vGrByKbk,661596,6383,0,256
1h_biu6oRTY,167892,5235,0,104
wMj-Ai9NOjY,584868,4835,0,252
gOMRNSmwa3U,325071,4120,0,274
mEFf3F2a8HE,222534,2890,0,164
FZF13DJf13k,136057,2006,0,170
Er4q34P5Pxs,2233945,19692,0,552
oVky5tHg7rg,69521,1250,0,48
wYGVO7Kxo-s,42515,1458,0,33
W9eiq-ctKDY,949872,7181,0,276
QzPTpgjpG3o,60403,1812,0,66
fEjzBKo-sxI,1649128,16703,0,864
Rc2VU4Wb7G8,82118,1083,0,85
9rGWJew6_Fw,252637,3232,0,477
z1Lh06y6Z1Q,538347,6122,0,422
sefX1Ievnog,162486,1284,0,96
IIlgjOCxhLQ,186657,2288,0,101
IsmgaVtrgwM,202035,9636,0,289
P19YL-fy3Vk,76300,1489,0,138
LRix5o2-fiU,156477,3671,0,163
HnwQ4gOgnXA,139138,1360,0,85
S19Q4e4Q4Kk,155489,1760,0,74
2ZNKLUHeJtg,255033,5223,0,200
xCmcvsCxfng,467629,5958,0,289
NrpX8HgQxOw,146265,4235,0,182
hZ2lMzQf19U,159508,1536,0,98
nHAPJaeacGE,224632,4194,0,172
LsRpfbTI1EA,51033,526,0,29
VnuBD7oba_w,70944,1210,0,53
evIq3vK2t18,39847,430,0,33
WjOeJ0vih1o,130715,1332,0,57
OL-aURUcufg,31819,860,0,59
HKQ3UoKIcmY,125310,2349,0,108
xa0P41jRrUM,37248,314,0,36
n9RTT6D2XHY,30529,305,0,20
so9Xt6eYoSI,108306,4502,0,171
fp0xjVzmKxY,1947902,21306,0,1165
_ajWFc2VqWo,1776449,18405,0,668
k4Ed6vT6a94,747834,6692,0,372
EwnrkPo4eRQ,98255,824,0,60
dRmRr3Z8Zv8,2566150,33238,0,1672
x7dYBWyL71Y,25913,279,0,15
0jxaCBzuymg,85245,1135,0,102
EIY1tKU15kA,14339,155,0,6
VKHWk6_7ANA,33656,1197,0,26
U7byobgGTvs,15261,933,0,7
jAupQt9MIsU,23505,255,0,30
qmsSxH6ay3A,20217,2309,0,7
_C9LcY3N23o,5578,2280,0,5
CslIcmVdIa8,10922,156,0,7
MThqIWwzL78,38244,381,0,17
1qBYfNb59aU,25709,419,0,7
x-qohPjIVjQ,2409,35,0,2
Xu3yGpxdsKQ,144821,2032,0,75
6KMP8QHtKVk,19638,88,0,4
6b1nqylbSW0,40601,440,0,39
d8IMf7dBLuw,246180,2618,0,192
Xjmc9h_lpkE,175646,3017,0,102
IFlMFVwgIQI,397971,4973,0,225
lJN9GzYilg0,254966,4212,0,154
3OvWFurOBk8,1700891,47005,0,2539
5M9EJOTekxA,95371,1756,0,55
3zCFPqGfNic,82884,567,0,46
b1DUKfmNuSs,603734,11332,0,415
-l-E3kyNcag,489665,5382,0,285
fgcheDWN5B8,186022,6898,0,106
7c_KKh1rmso,51397,571,0,20
L9Ug2jsFQII,63115,2418,0,65
ZpnEn0A4ogc,57087,1436,0,28
3rHD1_kUC5E,49804,627,0,29
A7FEENQd6UI,717145,4171,0,224
wMC0lasK0Is,17564,161,0,12
1UdVTBoo_zs,32911,386,0,23
BgqAmZHkkTg,1098387,19138,0,839
ZNIpnL204f4,57950,2110,0,80
40GrNQnXlN0,34231,1329,0,33
yxnpnfcmueA,22236,171,0,12
4ul6kP887xA,156850,978,0,75
1URQ0_9-Zyw,290432,3205,0,132
niHNuc0uxIE,137621,2723,0,68
Vn-eFXxLXTM,92298,3534,0,59
8CckJu5rRrk,21980,254,0,15
KEkNwc_uA-s,12718,160,0,15
nUa-mCI47E0,6505,882,0,3
a9YE72ILBk8,9096,159,0,34
psY_w1C4tKg,4130,57,0,4
PX1pS1T-f54,22539,351,0,29
aHJPMWtJmRM,28870,1168,0,14
BYbSJfd870Q,55553,486,0,30
kW6WICBscx4,208277,2128,0,164
3EDGt5l5_20,108883,1040,0,66
2uOrT-HBtpc,50120,840,0,39
Jtx7q7_IUXc,483610,6171,0,248
jMEjPKBvhzE,223674,3826,0,176
jE6R7yglXpU,115346,1706,0,129
58KepbLWzus,97145,1564,0,80
Yf4Ouglm2b0,93974,944,0,50
ZIUbfaAShLg,47967,517,0,56
lprNLlPI1FU,19451,441,0,16
cbmSTQs-QGU,75656,2873,0,63
ns441kkfLys,41487,667,0,33
6gnpxE7soNI,21611,123,0,16
dJUtaEe24NM,35022,707,0,60
eNa5wYXonbQ,73881,513,0,45
rlmcmQAUufQ,95920,2755,0,67
jhxi64JvhGw,36992,419,0,29
9_FL_Vc3yZU,30839,333,0,33
R3mKyzJRCUo,18468,196,0,12
hxsJvKYyVyg,24560908,344749,0,19145
SEkdTyBYha0,82954,1563,0,30
2EYauZDN5i4,46214,710,0,20
PatkcLn3NSk,29677,326,0,19
XnCyyJhJCc0,182250,3445,0,193
0kQD1P0_KUs,230883,2166,0,102
pJSv2hoH5ro,62299,754,0,56
J8QBpfCSlLE,39706,429,0,17
NO-1Euq2RBk,898876,12481,0,691
je2HSRcRruI,387520,4405,0,316
N5ivBnosEJo,357071,3479,0,161
EScw2XrUHFY,498042,4741,0,274
wztNEwqknxI,24578,424,0,14
uPXk1ElmzGs,96471,987,0,61
4CP2ur8IJxo,34168,1985,0,18
EPn9rgccqqw,200465,2811,0,205
lytgDpIs4Sk,29080,2452,0,42
l0coDr0MOBU,6658,75,0,3
MARHeIJDsYI,39853,287,0,20
V-_oUY7t3yQ,26239,347,0,16
19FnFxiQmKc,218785,3721,0,293
IdbBmqOUPlY,314332,4446,0,190
h7PsGipAraQ,151044,4023,0,397
hXy9_xjOrb8,46592,538,0,36
0HK1KhJgUs4,36389,671,0,37
PsMqTDxboJE,276028,2466,0,221
jaaQSxUOwC0,206250,5595,0,236
3gP3XrKpy1k,77545,2572,0,50
c8FML8QhcZo,715506,8458,0,537
Z3LKrXt7570,38257,225,0,20
MA--dI19Lfc,91092,983,0,45
O7EcT5YzKhQ,3860611,55984,0,2133
4cwIj0tzPr4,183819,2517,0,111
wftQvpqo6Rg,161097,2281,0,94
TG6NqII3Zuw,288385,3902,0,139
r-B_fkZfWjk,907975,11138,0,515
gvejztfwM6g,61112,525,0,51
rsMLQVRS3ho,294993,3777,0,137
cBNTDlI1-nQ,573931,8804,0,596
UZAKTCeE70Y,2748901,19666,0,1170
WRJXePSFApU,127191,2858,0,72
nIO1tXMnt4E,397169,4401,0,413
cwYAeUpH1NM,1826646,25295,0,563
w4AC_-MoqMM,150082,1151,0,46
p1i28p_gyFI,34623,237,0,23
Z0UISCEe52Y,4105390,39332,0,1144
X-RVUGjCfug,174187,1520,0,90
mTkmIgrj1CA,170033,1809,0,94
DjmHpDI89v8,61748,2326,0,26
kMnDHUKGMWs,4815407,50622,0,1782
ej8vMh28SJY,284840,3009,0,155
S8m_Oek-Xec,210203,1480,0,64
tOXCEV4V8Ks,320825,2738,0,183
F-u3SOPjN38,456827,6627,0,232
zdX9TmoUid4,345318,3529,0,214
sIdRsY5HJGw,480553,7230,0,341
TlW29RhUkDc,73617,703,0,70
efiBs11W1Ps,989142,9074,0,469
ybBK0N0mCl4,235235,2242,0,115
52tp2B4YR_c,411720,8141,0,476
uNA3v08ygu8,168187,1465,0,181
-XwZf3zpAH8,40800,585,0,59
xf29sAchQAw,198548,2181,0,83
EQ603gAMQvE,183979,2194,0,225
HamYmjllE6A,2067017,26428,0,1221
EwRHWqlRFy4,259622,2418,0,396
VHdsoNewFdU,1838249,13348,0,647
stvyyjwQH3w,124051,1789,0,123
T-h4_t_wE4Y,184034,2491,0,135
F_CKeb2gPQ8,1242714,11588,0,679
SZTUQwI9rLI,130950,1463,0,73
woqgI7loyo4,68496,1279,0,161
-lLnpEv_9dw,858730,12178,0,441
rh9KDzNkpSI,3222252,54907,0,1951
y6x1u2KvjUc,18257,94,0,2
Rg_iZhUlyRE,377262,5740,0,317
onxGMaIDxi0,883457,5571,0,475
seKAfbWFWCM,1360306,14667,0,804
n1htNKK_6hQ,308786,5774,0,220
am4GcbBrdMA,224214,4119,0,159
4Quq7OdPQsU,517671,5453,0,197
uZJscRYBmIg,132417,1451,0,58
cCIG6Jldl24,148589,1872,0,133
_dvdER-rh74,9245,1833,0,1
I3TqfTAoOxw,25146,193,0,25
Z_IIAYUcceQ,8752,318,0,10
h8HnhV2POIk,124522,2449,0,83
CkVMbO5Rga8,15385,208,0,16
EvDcYTBW2Vs,51380,410,0,33
VSmlLV1A5ow,119607,2477,0,144
7jXhr0gnMSs,54870,513,0,59
mDbIhvbn5Zc,47691,475,0,63
UQvyb2sxcI0,37433,182,0,8
Mx7yky2C9Gk,1946606,12110,0,1373
_I9Mh317tYc,142331,2430,0,117
6PNFkWfZDR8,112171,774,0,49
FoyjUYtk30s,1299624,14208,0,694
jLiZ0jCzpdA,521922,4771,0,292
NacFvfTlX1c,98396,1331,0,62
XfzpYcwiUrA,41286790,437683,0,13193
CJvKxdcoHBE,171922,1703,0,71
Dz3ajUhTwXQ,111764,1480,0,77
1tcNmAuVU5A,266772,2808,0,179
6nT911jkWEo,3579020,25994,0,1292
-wQv60dxAUU,214110,2682,0,250
QtiTfejYpgs,643173,16710,0,423
oj_WIqZc9KA,127793,1604,0,69
cdpNQ90gGXQ,101178,1067,0,59
IrJVebOJqIw,86411,505,0,53
qKiZB_ltXM0,13570,105,0,20
fz7NoHyviUU,677014,15305,0,696
wqFlSNLF3YE,60606,1627,0,65
Q7tz0MPz2QE,35345,295,0,12
gtnY_HxqCJQ,167889,1541,0,128
CHym8Xt41E8,41390,438,0,22
41wtK-V46VY,46033,588,0,43
cZwB0CGC-qM,2323,1874,0,1
DUl__jCFEzo,2067,286,0,1
jjhHHHkN9vQ,2064,18,0,1
zgph8aPmRJs,154473,1248,0,43
43Z4yljYY_c,447633,5794,0,205
x3M4DgZvgXo,82050,1726,0,64
OMtPDXg5zuw,33195,322,0,7
ECVEVDES3Js,627219,5653,0,304
zq1T0P7zotA,50350,510,0,50
86N4lNuVz_8,330508,2715,0,177
JKhawkQQQmY,197105,1127,0,120
451yhGH5Yys,3618,47,0,4
Kmhba4QoH3s,64410,590,0,33
zvYuiJVkc5g,78230,749,0,31
sBZa7-2bG2I,2047605,34511,0,918
QkEjJpuZbog,86560,1069,0,80
M0UWi5W_B4E,116258,3603,0,72
YX6vj6ni9ic,111878,2815,0,68
mKJG57qnYdc,377184,7384,0,479
9ZjeheDR3tA,538772,9086,0,512
kuiQ5tt0iI8,68698,692,0,56
BOb3Crrlfh0,107096,3152,0,69
jsCO_M0Nnwk,191881,5264,0,223
LpMlfxA9kco,80006,1892,0,128
gTyY3BCp3pk,34333,258,0,20
qPEeYKJ6im0,122445,2863,0,183
9knSWR3chAI,84155,947,0,52
RB1sfcBbczs,93127,1469,0,67
peZynO4F1jY,13426,252,0,26
u8MSwzsacVE,21297,51,0,5
hGCQo2RFNxg,88708,805,0,41
5EkdIaEDOt0,70240,854,0,57
w0BPaY6_9hs,3349928,32971,0,1642
fAVEuYk5qiw,149704,2430,0,87
o3uUoCRm2Nw,55219,423,0,38
C7Gtp8YhmoI,69953,2222,0,18
ycyazyUe9lA,25507,208,0,10
ANcC5sCCVEc,541231,5638,0,356
NC0-L6C-kmo,609504,5972,0,360
1oz143PbnUo,106644,1453,0,49
OkmKPZ_3oKk,2867,37,0,2
8pIe6IVn1f0,5224,22,0,4
x2BsWVBNqCU,212467,2027,0,58
ae9uhBKRfdE,86184,745,0,21
pGObC71GfeA,172683,1830,0,97
z57M9Bc2cvo,24446,909,0,14
YHX2Cr9RnQw,26962,198,0,9
hpvQXovrzyQ,1280967,11412,0,1281
uZwzwxA-Sqs,215464,1640,0,159
CBGSTEmgvtE,247058,2775,0,229
nBUea1YEpuc,99865,1540,0,48
osjBjAYu-TQ,32309,5819,0,9
Zq6S2FVi_EY,26462,880,0,14
LIMB0fntWJY,42267,221,0,17
_yzwR4kxWhM,106292,702,0,46
bWrVuKWs5Nw,91835,859,0,43
0SNhAKyXtC8,484393,11700,0,602
XG_o-sGQ3xo,21159,973,0,14
e3blQ3I3GRQ,46197,891,0,35
9xEviApg1HY,108646,1588,0,55
ErnSsJRKNJ0,106946,536,0,63
WkYCtvy8CQw,168298,4908,0,136
K_pCo9eTOAY,13740,169,0,8
AE-YaL0Y3bo,443611,3950,0,247
XWIvfE01J0k,8520074,79246,0,4519
rupfwJra2bM,45558,548,0,59
wKd0HNg1kFQ,2415941,38723,0,996
ca7JCI5Jjhk,59303,650,0,48
QxVzchD0Xh4,52579,585,0,29
lu9QH71YKQw,1456982,18540,0,662
ZRAHI8x3S28,21672,244,0,18
JLRTleMY_mc,3823353,26718,0,1836
DdnHoKz3hZI,14233,1004,0,8
NOGtdJtCecU,5792,63,0,4
AkD2mJ0aXa8,7377,60,0,2
MrW0w2Bq53U,39411,133,0,9
crS5ti-Py7Q,1233269,10317,0,625
2_EW2O_1qAc,206964,888,0,104
MHVNUrcyJy8,795531,7414,0,399
jbun-mjH-bw,170360,2468,0,79
61ibYLn8pAE,25892,528,0,11
abQRt6p8T7g,6399793,32323,0,2339
R4v2AyU4HAo,80035,787,0,67
Kf_Lolpumi4,210309,2098,0,135
DEr_si0Aqdk,134877,3152,0,54
HX58OnynEuw,19530,118,0,6
3sjttfJagIs,43410,490,0,34
QSDpSUB6YjA,207310,1460,0,74
bra1QoodK0s,120423,703,0,71
E0gJq2H45yc,7003,1814,0,1
e84hf5aUmNA,149885,1251,0,177
viCwe9y7dzU,120663,2065,0,79
7AZgmpWlqD8,21868,3590,0,15
GlCZoIot5sw,42783,1189,0,28
UaAYjdHvw4I,139308,878,0,62
sPZc74_1IiM,73411,1514,0,49
NRE_qJfFMxA,34800,129,0,12
zSfhXPA3V9A,175369,2381,0,158
ie1vkOlK8xc,133349,1118,0,147
ANOrllutAhs,176248,2060,0,186
1u4rGwxf6Yo,39320,100,0,7
11jH-M6ih78,3720,72,0,4
szSMMU7y8hk,8874,114,0,4
IG_uM5th6Fo,143899,4430,0,79
vX2jNbiXf5U,111280,556,0,47
WZoezkHVXL4,88235,933,0,84
QXXc25vtuxk,562127,5283,0,531
jzmvzcDWZjI,592213,4620,0,334
a8vsSQEAGnA,227847,2703,0,236
G1Az1xWhdl0,159609,2468,0,135
Us45yiJGms0,18344,115,0,2
nz5CsnoUA5M,6120,119,0,2
iI77eSHiKXQ,6671,198,0,3
dJ7u3xGYgvc,2129,943,0,2
pDC2j67BfXA,5092,137,0,9
Qfq9M9hkDqo,3743,224,0,3
4dHqcHOolAk,27284,1033,0,30
5vIbiw_snd4,49767,1290,0,30
zOPHULcs2PE,15850,435,0,38
118zckalkJ0,579113,5664,0,447
ofDvS2_RyuQ,10655,69,0,9
7MyG4cCaNDo,124586,645,0,78
tB1T2nrzjVI,43596,1260,0,9
FEi1KEqC5Pg,13313,173,0,4
MAsu_nXf_bY,23080,474,0,22
W46-d6O0_-A,19924,924,0,11
vx7Tr_kla3A,75298,648,0,20
OfFtEfxhMEQ,43667,738,0,31
kl7oDnwD4U0,22623,423,0,18
Yp-AxSnUtCo,72743,1010,0,73
